¥éËV1,V2,V3,V4,V5,V6,V7,V8,V9,V10,Consent,Q1,Q2,Q3,Q4,Q5,Main_1,Main_2,Main_3,Main_4,Main_5,Main_6,Main_7,Main_8,Main_9,Main_10,Main_11,Main_12,Main_13,Main_14,Main_15,Main_16,Main_17,Main_18,Main_19,Main_20,Main_21,Main_22,Main_23,Main_24,Main_25,Main_26,Main_27,Main_28,Main_29,Main_30,Main_31,Main_32,Main_33,Main_34,Main_35,Main_36,Main_37,Main_38,Main_39,Main_40,Main_41,Main_42,Main_43,Main_44,Main_45,Main_46,Main_47,Main_48,Main_49,Main_50,Main_51,Main_52,Main_53,Main_54,Main_55,Main_56,Main_57,Main_58,Main_59,Main_60,Main_61,Main_62,Main_63,Main_64,Main_65,Main_66,Main_67,Main_68,Main_69,Main_70,Main_71,Main_72,Main_73,Main_74,Main_75,Main_76,Main_77,Main_78,Main_79,Main_80,Main_81,Main_82,Main_83,Main_84,Main_85,Main_86,Main_87,
ResponseID,ResponseSet,Name,ExternalDataReference,EmailAddress,IPAddress,Status,StartDate,EndDate,Finished,DESCRIPTION: You are / invited to participate in a research / study on social decision-making.  / You will...,Please enter your Mechanical Turk ID:,Please enter your age:,Please indicate your gender:,Please indicate your racial/ethnic affiliation (check all that apply):,Select your country of residence:,"Although some of the following questions may seem similar to one another, they differ in important w...-I find that even just being around other people can help me to feel better.","Although some of the following questions may seem similar to one another, they differ in important w...-When I want to feel less negative emotion, I seek out the company of others.","Although some of the following questions may seem similar to one another, they differ in important w...-When something bad happens, my first impulse is to seek out the company of others.","Although some of the following questions may seem similar to one another, they differ in important w...-When Iäó»m experiencing negative emotion, being around other people only makes me feel better if we talk about my experience/feelings.","Although some of the following questions may seem similar to one another, they differ in important w...-I find it easier to get through stressful situations when going through them with someone else.","Although some of the following questions may seem similar to one another, they differ in important w...-Simply being around other people can make me feel better when Iäó»m having a problem, even if we donäó»t talk about my experiences or feelings.","Although some of the following questions may seem similar to one another, they differ in important w...-Iäó»m happier when Iäó»m with my friends than when Iäó»m by myself.","Although some of the following questions may seem similar to one another, they differ in important w...-I choose to be around my friends whenever possible.","Although some of the following questions may seem similar to one another, they differ in important w...-Being with other people tends to put a smile on my face.","Although some of the following questions may seem similar to one another, they differ in important w...-When something good happens, my first impulse is to seek out the company of others.","Although some of the following questions may seem similar to one another, they differ in important w...-When I want to feel more positive emotion, I find that even just being around other people can help.","Although some of the following questions may seem similar to one another, they differ in important w...-I seek out the company of others when I want to feel more positive emotion.","Although some of the following questions may seem similar to one another, they differ in important w...-Feeling like Iäó»m not alone usually helps me to feel better when times are tough.","Although some of the following questions may seem similar to one another, they differ in important w...-I donäó»t need to talk about my thoughts or feelings for the company of others to make me feel better.","Although some of the following questions may seem similar to one another, they differ in important w...-I really enjoy being around the people I know.","Although some of the following questions may seem similar to one another, they differ in important w...-Iäó»m happiest when Iäó»m with my friends.","Although some of the following questions may seem similar to one another, they differ in important w...-When things are going wrong, I prefer to be alone.","Although some of the following questions may seem similar to one another, they differ in important w...-I prefer to be alone when things are going well.","Although some of the following questions may seem similar to one another, they differ in important w...-When I want to feel less negative emotion, I avoid the company of others.","Although some of the following questions may seem similar to one another, they differ in important w...-Whether other people are around or not doesnäó»t matter much when Iäó»m unhappy.","Although some of the following questions may seem similar to one another, they differ in important w...-If Iäó»m in a bad mood, then being around other people just makes me feel worse.","Although some of the following questions may seem similar to one another, they differ in important w...-When Iäó»m having a bad day, I tend to avoid other people.","Although some of the following questions may seem similar to one another, they differ in important w...-After a certain amount of time alone, I canäó»t help but seek out others.","Although some of the following questions may seem similar to one another, they differ in important w...-When things are going well, I feel compelled to seek out other people.","Although some of the following questions may seem similar to one another, they differ in important w...-I feel compelled to seek out other people when things are going badly.","Although some of the following questions may seem similar to one another, they differ in important w...-When Iäó»m having problems, I canäó»t help but seek out friends.","Although some of the following questions may seem similar to one another, they differ in important w...-I donäó»t really seek out other people.","Although some of the following questions may seem similar to one another, they differ in important w...-I tend to prefer to be by myself.","Although some of the following questions may seem similar to one another, they differ in important w...-When I want to feel less negative emotion, I find it helps to share my feelings and experiences with other people.","Although some of the following questions may seem similar to one another, they differ in important w...-I tend to share my feelings and experiences with other people.","Although some of the following questions may seem similar to one another, they differ in important w...-I manage my emotions by expressing them to others.","Although some of the following questions may seem similar to one another, they differ in important w...-When something bad happens, my first impulse is to tell someone about it.","Although some of the following questions may seem similar to one another, they differ in important w...-I find it sometimes helps to tell someone about my feelings or experiences, even if they donäó»t respond just how I wanted them to.","Although some of the following questions may seem similar to one another, they differ in important w...-Sometimes when Iäó»m telling someone about my feelings or experiences, I need them to just listen and not respond too much.","Although some of the following questions may seem similar to one another, they differ in important w...-I often seek out friends with whom I can share my feelings.","Although some of the following questions may seem similar to one another, they differ in important w...-Sharing my feelings with other people really helps me during difficult times.","Although some of the following questions may seem similar to one another, they differ in important w...-When I want to feel more positive emotion, I find it helps to share my feelings and experiences with other people.","Although some of the following questions may seem similar to one another, they differ in important w...-When something good happens, my first impulse is to tell someone about it.","Although some of the following questions may seem similar to one another, they differ in important w...-I often donäó»t feel as bad about negative events once Iäó»ve told someone about them.","Although some of the following questions may seem similar to one another, they differ in important w...-Telling other people about my thoughts and feelings really helps me to work through them.","Although some of the following questions may seem similar to one another, they differ in important w...-When I want to celebrate something good, I seek out certain people to tell them about it.","Although some of the following questions may seem similar to one another, they differ in important w...-I tend to feel worse about bad things until I can share them with someone.","Although some of the following questions may seem similar to one another, they differ in important w...-Sometimes I just need someone to understand where Iäó»m coming from.","Although some of the following questions may seem similar to one another, they differ in important w...-Telling other people about my feelings usually just leaves me feeling even more upset.","Although some of the following questions may seem similar to one another, they differ in important w...-I avoid telling other people about my problems.","Although some of the following questions may seem similar to one another, they differ in important w...-Iäó»d rather not express what Iäó»m going through to others.","Although some of the following questions may seem similar to one another, they differ in important w...-When Iäó»m having trouble, I canäó»t wait to tell someone about it.","Although some of the following questions may seem similar to one another, they differ in important w...-When things are going well, I just have to tell other people about it.","Although some of the following questions may seem similar to one another, they differ in important w...-I donäó»t feel much of a need to tell other people about my feelings.","Although some of the following questions may seem similar to one another, they differ in important w...-I donäó»t tell other people about whatäó»s going on with me if I can help it.","Although some of the following questions may seem similar to one another, they differ in important w...-When good things happen, I keep them to myself.","Although some of the following questions may seem similar to one another, they differ in important w...-It doesnäó»t make me feel any different whether I share my positive feelings with others.","Although some of the following questions may seem similar to one another, they differ in important w...-I donäó»t find it helpful to tell other people about my problems.","Although some of the following questions may seem similar to one another, they differ in important w...-When things are going wrong, I canäó»t help but tell other people.","Although some of the following questions may seem similar to one another, they differ in important w...-Sharing my accomplishments with other people makes me feel even better.","Although some of the following questions may seem similar to one another, they differ in important w...-I rarely find it useful to tell other people whatäó»s going on with me.","Although some of the following questions may seem similar to one another, they differ in important w...-When I want to feel less negative emotion, I seek out the support of other people.","Although some of the following questions may seem similar to one another, they differ in important w...-When something bad happens, my first impulse is to seek out help or support.","Although some of the following questions may seem similar to one another, they differ in important w...-Talking about my experiences or feelings with someone only makes me feel better if they respond how I want them to.","Although some of the following questions may seem similar to one another, they differ in important w...-I really appreciate having other people to help me figure out my problems.","Although some of the following questions may seem similar to one another, they differ in important w...-I only find it helpful to talk to other people about my problems if theyäó»re able to help me resolve them.","Although some of the following questions may seem similar to one another, they differ in important w...-It really helps me feel better during stressful situations when someone knows and cares about what Iäó»m going through.","Although some of the following questions may seem similar to one another, they differ in important w...-Having someone help me to work through a situation really helps me to get my thoughts and feelings straight.","Although some of the following questions may seem similar to one another, they differ in important w...-I appreciate having othersäó» support through difficult times.","Although some of the following questions may seem similar to one another, they differ in important w...-When Iäó»m having a tough time, I tend to seek out people who understand where Iäó»m coming from.","Although some of the following questions may seem similar to one another, they differ in important w...-I feel better about my problems when someone can identify with my experience.","Although some of the following questions may seem similar to one another, they differ in important w...-When I want to feel more positive emotion, I seek out the support of other people.","Although some of the following questions may seem similar to one another, they differ in important w...-It doesnäó»t matter much what other people do to try to help me feel better.","Although some of the following questions may seem similar to one another, they differ in important w...-I really need to feel validated when Iäó»m upset.","Although some of the following questions may seem similar to one another, they differ in important w...-When I try to get help with problems, I just end up getting more frustrated.","Although some of the following questions may seem similar to one another, they differ in important w...-I tend to avoid getting other peopleäó»s opinions on my problems.","Although some of the following questions may seem similar to one another, they differ in important w...-I donäó»t find other people very helpful in dealing with my problems.","Although some of the following questions may seem similar to one another, they differ in important w...-It doesnäó»t matter much to me whether or not other people know what Iäó»m going through.","Although some of the following questions may seem similar to one another, they differ in important w...-I donäó»t really seek out the support of other people.","Although some of the following questions may seem similar to one another, they differ in important w...-It really makes me feel great to receive praise for my accomplishments.","Although some of the following questions may seem similar to one another, they differ in important w...-I donäó»t really care whether or not other people celebrate my achievements.","Although some of the following questions may seem similar to one another, they differ in important w...-When Iäó»m having problems I canäó»t help but seek out othersäó» support.","Although some of the following questions may seem similar to one another, they differ in important w...-When good things happen, I really appreciate other peopleäó»s positive feedback.","Although some of the following questions may seem similar to one another, they differ in important w...-I just have to get help from someone when things are going wrong.","Although some of the following questions may seem similar to one another, they differ in important w...-When things are going well, I just have to hear what others think.","Although some of the following questions may seem similar to one another, they differ in important w...-I donäó»t care much for praise from other people.","Although some of the following questions may seem similar to one another, they differ in important w...-I donäó»t really seek out feedback from others about my accomplishments.","Although some of the following questions may seem similar to one another, they differ in important w...-I really rely upon my friendsäó» support.","Although some of the following questions may seem similar to one another, they differ in important w...-I tend to seek out praise from other people.","Although some of the following questions may seem similar to one another, they differ in important w...-When Iäó»m having a tough time, I tend to seek out people who understand where Iäó»m coming from.","Although some of the following questions may seem similar to one another, they differ in important w...-I prefer to go to others with my problems rather than only deal with them on my own.","Although some of the following questions may seem similar to one another, they differ in important w...-I couldnäó»t deal with lifeäó»s stresses by myself."," they differ in important w..."""
NA,Default Response Set,Anonymous,NA,NA,NA,0,3/15/13 10:22,3/15/13 10:28,1,1,NA,41,1,10,1,5,5,4,3,5,6,4,5,5,4,6,6,4,4,5,5,3,3,3,3,3,4,3,5,4,4,4,4,4,4,3,4,5,4,4,4,4,4,4,4,5,4,5,3,4,3,4,4,3,4,3,3,3,4,4,4,5,4,3,5,4,6,4,5,4,5,5,4,3,3,3,3,4,3,4,4,4,5,4,4,4,4,5,3,4,4,5,
NA,Default Response Set,Anonymous,NA,NA,NA,0,3/15/13 10:23,3/15/13 10:29,1,1,NA,35,2,5,1,3,3,4,5,3,3,3,4,3,5,3,3,3,5,4,4,5,5,3,5,6,6,4,5,3,3,5,5,3,3,3,5,5,5,3,3,5,5,3,3,5,3,4,3,5,5,3,4,4,5,3,5,4,5,3,5,3,3,4,3,5,3,3,4,3,3,3,3,3,5,5,5,3,5,4,4,2,5,3,1,5,3,4,3,3,3,3,
NA,Default Response Set,Anonymous,NA,NA,NA,0,3/15/13 10:26,3/15/13 10:31,1,1,NA,29,2,10,1,6,5,5,5,3,5,5,3,7,5,5,5,6,2,7,6,2,3,2,3,3,2,5,5,5,5,3,2,5,5,7,5,7,4,5,5,6,5,5,5,5,6,5,2,2,3,5,6,3,3,3,2,3,5,5,3,5,5,5,5,3,7,5,6,2,5,5,1,4,5,3,3,3,2,7,3,7,5,5,5,4,3,5,5,5,5,6,
NA,Default Response Set,Anonymous,NA,NA,NA,0,3/15/13 10:26,3/15/13 10:32,1,1,NA,34,1,5,1,5,5,7,5,7,4,6,5,5,4,7,5,4,3,4,4,3,3,4,5,3,4,6,4,6,5,6,4,5,7,6,5,5,6,5,6,7,6,6,5,3,4,7,5,5,2,3,4,6,7,3,3,5,4,5,4,5,6,3,6,3,5,5,6,4,5,5,4,7,4,4,4,3,3,5,6,5,3,4,5,4,4,6,3,4,5,2,
NA,Default Response Set,Anonymous,NA,NA,NA,0,3/15/13 10:28,3/15/13 10:32,1,1,NA,29,1,4,1,3,4,5,3,4,4,4,4,3,5,2,5,3,4,6,3,4,4,4,3,5,3,5,4,3,3,4,3,3,4,3,4,6,5,3,5,2,6,4,3,5,4,4,6,4,3,4,5,3,3,5,3,6,4,4,4,2,3,5,3,2,3,4,5,3,2,3,3,3,4,3,2,5,5,3,3,4,4,4,3,6,5,4,4,4,5,3,
NA,Default Response Set,Anonymous,NA,NA,NA,0,3/15/13 10:27,3/15/13 10:33,1,1,NA,42,2,5,1,6,5,5,2,4,6,6,6,6,6,5,6,6,2,7,6,2,1,3,2,2,5,5,5,6,6,1,1,4,6,5,5,7,4,6,5,5,6,4,6,5,2,7,2,2,2,4,6,2,2,2,2,2,6,5,1,5,5,2,5,2,6,6,6,4,5,5,2,5,2,2,2,2,2,4,5,5,5,5,6,3,1,5,3,5,2,3,
NA,Default Response Set,Anonymous,NA,NA,NA,0,3/15/13 10:23,3/15/13 10:33,1,1,NA,34,2,5,1,5,6,5,3,6,6,4,3,5,6,5,5,6,3,5,5,3,4,2,3,2,2,5,5,6,5,3,5,6,3,5,5,6,5,5,6,5,5,6,5,5,6,7,2,3,2,4,5,3,2,2,3,2,5,2,2,6,5,2,6,2,6,5,6,6,6,6,2,3,2,2,2,2,3,5,5,5,6,5,4,3,6,5,2,6,5,5,
NA,Default Response Set,Anonymous,NA,NA,NA,0,3/15/13 10:26,3/15/13 10:33,1,1,NA,21,1,3,1,5,6,1,1,3,1,1,4,5,5,1,5,5,5,5,4,7,5,3,7,6,7,5,5,5,5,5,6,5,3,1,1,3,3,6,4,5,5,1,1,5,4,6,5,7,7,1,5,7,7,3,5,6,6,4,3,1,1,5,6,7,4,1,5,4,4,4,7,4,6,7,7,6,7,5,7,1,6,3,5,4,4,2,2,5,1,4,
NA,Default Response Set,Anonymous,NA,NA,NA,0,3/15/13 10:23,3/15/13 10:33,1,1,NA,30,1,6,1,5,4,2,4,5,5,3,2,7,2,2,3,7,6,4,2,6,4,4,4,3,5,3,4,2,2,7,6,3,1,1,3,1,3,2,2,4,2,5,2,2,5,7,4,6,7,2,4,7,6,5,5,7,2,4,7,2,2,7,5,7,7,5,7,2,5,4,3,5,4,6,6,7,6,7,3,2,4,4,4,3,7,1,2,3,3,1,
NA,Default Response Set,Anonymous,NA,NA,NA,0,3/15/13 10:25,3/15/13 10:34,1,1,NA,29,1,5,1,4,3,3,4,7,5,4,5,5,2,3,5,5,6,7,4,5,3,3,4,3,5,3,2,5,3,2,3,5,5,4,3,6,3,5,6,5,2,6,5,5,3,5,3,3,3,3,2,3,3,5,3,3,2,3,3,3,5,1,6,3,6,6,6,6,6,5,2,1,2,3,1,3,3,6,2,3,6,3,2,2,5,5,1,6,2,2,
NA,Default Response Set,Anonymous,NA,NA,NA,0,3/15/13 10:24,3/15/13 10:35,1,1,NA,44,2,6,1,6,6,6,6,6,6,5,6,6,6,6,6,6,2,6,5,2,2,2,2,2,3,6,6,6,6,2,2,6,6,6,6,6,7,6,6,6,6,6,6,6,6,6,2,2,2,6,6,1,2,2,2,2,6,6,2,6,6,2,6,2,6,6,6,6,5,6,5,6,2,2,2,2,2,6,2,6,6,6,6,2,1,6,6,6,6,4,
NA,Default Response Set,Anonymous,NA,NA,NA,0,3/15/13 10:30,3/15/13 10:35,1,1,NA,37,1,5,1,5,5,4,5,5,5,5,5,5,5,5,5,5,5,4,5,5,5,5,5,5,5,5,5,4,5,5,5,5,4,4,5,4,4,5,4,5,5,5,5,5,5,5,5,5,5,5,4,5,5,5,5,4,5,5,5,5,5,5,5,4,4,5,5,5,5,4,5,5,5,5,4,5,4,5,5,4,5,4,4,5,5,5,5,5,5,5,
NA,Default Response Set,Anonymous,NA,NA,NA,0,3/15/13 10:24,3/15/13 10:37,1,1,NA,43,2,5,1,5,6,6,5,6,7,5,7,6,7,6,6,7,3,7,5,4,1,2,2,2,3,7,7,7,6,1,3,6,7,6,7,6,7,7,7,6,7,5,7,7,5,7,3,2,2,7,7,1,2,2,3,2,6,6,2,6,7,5,7,3,7,6,7,7,6,6,1,7,3,2,2,2,2,5,2,6,6,5,5,3,5,7,5,7,6,5,
NA,Default Response Set,Anonymous,NA,NA,NA,0,3/15/13 10:23,3/15/13 10:37,1,1,NA,42,1,6,1,3,3,2,4,2,2,2,3,3,3,5,3,3,6,3,3,5,5,5,5,5,5,3,3,2,2,6,5,2,2,3,3,3,5,3,3,2,4,3,2,3,3,3,4,5,5,2,3,6,5,5,5,5,3,4,5,3,2,4,3,4,4,3,3,3,4,3,5,2,4,5,5,5,6,4,5,3,4,2,3,5,5,3,2,3,2,2,
NA,Default Response Set,Anonymous,NA,NA,NA,0,3/15/13 10:30,3/15/13 10:38,1,1,NA,22,1,5,1,3,1,3,2,6,1,4,3,4,5,5,5,5,7,7,5,7,2,7,2,6,7,5,5,2,2,7,6,1,3,2,1,5,6,5,5,1,5,3,5,5,1,5,2,6,6,2,5,7,7,4,6,3,1,5,5,2,2,4,7,5,5,7,6,1,6,3,2,1,2,5,2,7,7,7,6,2,6,2,4,6,2,4,1,2,3,7,
NA,Default Response Set,Anonymous,NA,NA,NA,0,3/15/13 10:27,3/15/13 10:38,1,1,NA,64,1,5,1,5,5,6,4,5,5,5,5,5,5,5,6,6,2,6,3,4,4,2,5,4,5,5,6,5,5,3,3,5,5,5,6,6,5,6,4,6,5,5,5,5,5,5,2,3,5,5,6,4,2,3,5,2,5,6,3,5,5,5,5,4,5,5,5,5,5,5,5,4,2,3,4,5,2,5,3,5,5,5,5,2,2,5,5,5,4,5,
NA,Default Response Set,Anonymous,NA,NA,NA,0,3/15/13 10:26,3/15/13 10:39,1,1,NA,28,1,5,1,5,4,3,2,6,5,5,4,4,2,5,2,2,4,5,4,6,6,5,4,5,5,4,4,4,3,6,7,4,3,2,3,5,5,4,5,4,2,4,5,5,4,6,6,5,5,1,3,5,6,5,3,5,4,5,4,4,4,3,5,3,5,6,6,5,5,4,5,6,6,4,5,6,5,6,5,3,5,2,2,6,4,3,4,6,2,7,
NA,Default Response Set,Anonymous,NA,NA,NA,0,3/15/13 10:33,3/15/13 10:39,1,1,NA,24,1,5,1,7,7,7,7,7,7,7,7,7,7,7,7,7,1,7,7,1,1,1,1,1,2,7,7,7,7,1,1,7,7,7,7,7,5,7,7,7,7,7,7,7,7,7,1,1,1,7,7,1,1,1,1,1,7,7,1,7,7,7,7,1,7,7,7,7,7,7,1,7,1,1,1,1,1,7,1,7,7,6,7,1,1,6,7,7,7,6,
NA,Default Response Set,Anonymous,NA,NA,NA,0,3/15/13 10:31,3/15/13 10:41,1,1,NA,32,2,5,1,4,4,5,3,3,3,3,4,4,5,5,5,5,3,5,4,6,6,6,5,5,6,4,4,4,4,5,6,3,5,3,4,3,5,3,5,4,5,3,5,5,3,5,5,5,5,4,4,4,5,3,5,5,4,5,5,4,3,5,5,3,4,5,5,4,5,5,5,3,6,4,5,3,5,5,2,3,5,3,5,5,4,5,4,4,3,3,
NA,Default Response Set,Anonymous,NA,NA,NA,0,3/15/13 10:28,3/15/13 10:41,1,1,NA,28,2,5,1,6,4,4,1,5,6,4,3,4,5,5,5,7,3,6,4,4,4,3,2,4,4,5,5,5,4,4,4,6,5,5,4,7,7,7,5,4,5,7,7,6,4,7,4,3,3,2,4,4,4,4,4,4,4,5,3,6,5,2,7,3,7,7,7,7,7,5,3,3,5,1,3,5,2,5,3,4,7,2,2,3,4,3,2,6,4,3,
NA,Default Response Set,Anonymous,NA,NA,NA,0,3/15/13 10:27,3/15/13 10:41,1,1,NA,26,1,4,1,3,5,4,3,4,5,5,6,3,3,5,4,5,4,6,5,5,3,4,5,5,3,6,6,4,3,5,6,4,4,4,3,4,4,7,4,4,3,4,4,3,3,4,4,5,4,4,4,5,5,6,5,5,3,3,4,5,4,4,4,3,4,4,4,4,6,6,4,4,4,4,5,5,4,5,5,4,5,3,5,5,5,4,2,4,3,2,
NA,Default Response Set,Anonymous,NA,NA,NA,0,3/15/13 10:32,3/15/13 10:41,1,1,NA,41,2,4,1,3,3,3,3,5,4,3,3,4,3,3,3,5,3,5,3,5,4,5,4,5,5,3,3,3,3,3,5,3,4,3,3,4,4,3,5,3,3,3,4,3,3,5,3,5,5,3,3,4,5,4,4,4,3,4,3,3,5,4,3,4,5,4,5,5,5,3,4,5,4,3,4,3,5,5,4,4,4,3,3,3,5,5,3,5,3,4,
NA,Default Response Set,Anonymous,NA,NA,NA,0,3/15/13 10:31,3/15/13 10:41,1,1,NA,22,2,6,1,5,5,5,2,6,4,5,6,5,3,3,4,6,3,7,6,4,2,3,4,3,4,5,3,4,6,3,5,4,3,4,5,4,5,6,4,6,5,5,5,6,3,5,5,3,4,5,5,3,3,3,2,3,4,6,3,5,3,4,3,2,6,5,6,5,4,6,3,2,3,3,3,3,3,5,4,5,5,3,3,3,3,5,3,6,4,5,
NA,Default Response Set,Anonymous,NA,NA,NA,0,3/15/13 10:32,3/15/13 10:42,1,1,NA,34,1,5,1,6,5,5,5,6,5,5,4,5,5,6,5,5,3,5,5,3,3,3,3,2,3,4,5,4,5,3,3,5,5,5,5,6,4,3,5,5,6,6,6,5,5,5,3,2,2,6,6,3,2,2,3,2,5,5,2,5,5,3,5,4,6,5,6,6,5,5,3,4,2,2,3,4,3,4,4,5,5,5,5,3,3,6,5,5,5,3,
NA,Default Response Set,Anonymous,NA,NA,NA,0,3/15/13 10:28,3/15/13 10:42,1,1,NA,34,1,5,1,5,5,5,5,6,5,6,5,5,3,6,5,2,5,6,5,5,3,5,2,5,2,5,5,5,5,2,2,5,5,3,5,5,5,5,6,5,3,6,5,6,5,6,2,5,2,3,3,3,5,5,3,6,5,3,5,5,5,5,3,3,6,5,5,5,5,5,2,2,2,2,2,3,2,5,5,5,5,3,3,5,3,5,5,5,2,5,
NA,Default Response Set,Anonymous,NA,NA,NA,0,3/15/13 10:23,3/15/13 10:42,1,1,NA,22,1,2,1,2,1,1,1,1,3,4,2,5,1,4,1,1,7,6,6,7,7,7,5,1,7,1,1,1,1,7,6,1,2,1,1,1,1,1,1,1,1,1,1,5,1,1,4,7,7,1,1,7,7,7,7,7,1,1,5,1,1,4,1,4,1,1,5,4,1,1,7,1,1,7,5,7,7,1,7,1,1,1,1,7,7,1,1,1,1,1,
NA,Default Response Set,Anonymous,NA,NA,NA,0,3/15/13 10:29,3/15/13 10:43,1,1,NA,54,1,5,1,5,3,2,2,4,5,4,3,3,2,3,3,3,5,4,4,6,5,5,6,5,6,3,2,2,2,6,5,3,2,2,2,3,5,3,3,3,3,3,3,2,3,3,5,6,6,2,2,6,6,6,5,6,2,5,6,3,2,4,3,5,3,3,4,3,4,2,5,2,4,6,5,5,6,2,6,2,3,2,2,6,7,2,1,2,2,2,
NA,Default Response Set,Anonymous,NA,NA,NA,0,3/15/13 10:26,3/15/13 10:43,1,1,NA,27,2,5,1,4,4,6,2,6,4,5,6,5,6,4,6,6,4,6,5,6,2,4,2,6,7,5,7,5,5,2,5,4,6,5,4,4,6,6,5,5,7,5,6,7,6,7,2,4,4,4,7,2,3,1,2,2,5,7,2,4,6,5,6,3,6,6,7,6,7,4,2,7,5,3,3,2,2,7,1,4,7,5,5,1,1,5,5,6,2,5,
NA,Default Response Set,Anonymous,NA,NA,NA,0,3/15/13 10:40,3/15/13 10:43,1,1,NA,27,1,5,1,4,3,5,5,5,3,3,4,5,5,4,3,5,3,4,3,5,4,5,3,3,5,4,3,3,3,4,5,4,3,4,5,4,3,3,3,5,3,5,3,3,5,5,4,5,3,5,4,3,4,4,5,4,4,5,4,4,3,3,3,4,4,4,5,4,4,4,4,5,5,4,3,5,4,5,3,4,4,5,3,5,5,3,3,5,4,3,
NA,Default Response Set,Anonymous,NA,NA,NA,0,3/15/13 10:27,3/15/13 10:43,1,1,NA,31,1,8,1,4,4,3,4,4,4,5,5,4,5,4,5,4,5,5,5,4,2,6,4,5,7,5,3,3,2,4,7,2,2,1,3,3,4,4,4,4,5,4,2,5,2,4,5,7,6,2,6,7,6,2,4,6,2,5,6,4,1,4,6,5,4,2,4,5,5,5,4,2,4,6,6,4,7,5,5,2,4,2,4,2,6,4,3,4,2,2,
NA,Default Response Set,Anonymous,NA,NA,NA,0,3/15/13 10:23,3/15/13 10:44,1,1,NA,33,2,6,1,6,7,7,6,6,7,5,7,7,6,7,7,1,1,7,6,2,1,1,1,1,1,6,6,2,7,1,1,5,6,3,6,5,5,6,7,6,7,3,6,6,7,7,3,6,2,7,7,1,1,6,1,2,6,5,6,6,5,6,7,1,2,7,7,7,7,6,1,6,2,1,1,4,1,6,1,6,7,6,6,2,7,6,7,7,7,7,
NA,Default Response Set,Anonymous,NA,NA,NA,0,3/15/13 10:34,3/15/13 10:45,1,1,NA,30,1,2,1,2,2,1,2,1,3,2,3,4,1,1,2,2,7,4,3,7,3,6,5,7,7,1,3,1,1,7,7,1,1,2,1,1,5,1,1,2,2,2,1,1,1,1,5,7,5,1,1,7,7,7,6,7,1,2,5,1,1,5,2,7,2,3,5,3,4,1,6,1,3,6,5,7,7,4,7,1,3,1,3,5,7,3,1,2,1,1,
NA,Default Response Set,Anonymous,NA,NA,NA,0,3/15/13 10:23,3/15/13 10:46,1,1,NA,40,2,4,1,5,4,5,2,4,5,4,5,4,5,5,5,5,4,5,4,4,3,5,4,3,4,4,4,4,4,4,5,5,4,4,5,5,6,5,5,4,4,4,5,5,4,5,5,5,4,5,5,3,4,3,5,3,4,5,3,5,5,5,4,4,5,5,5,5,4,5,3,4,4,3,2,5,4,5,3,4,5,5,5,4,2,4,2,4,2,3,
NA,Default Response Set,Anonymous,NA,NA,NA,0,3/15/13 10:37,3/15/13 10:47,1,1,NA,29,2,6,1,5,5,2,3,5,5,4,4,4,4,5,4,5,3,4,4,5,6,3,3,3,5,4,4,2,3,5,5,3,3,3,3,5,2,5,4,5,4,5,5,6,4,5,2,5,4,3,2,5,3,3,4,3,2,4,3,5,2,2,5,2,5,5,5,5,5,4,4,2,2,4,3,5,5,3,5,2,4,3,4,5,5,4,2,6,3,4,
NA,Default Response Set,Anonymous,NA,NA,NA,0,3/15/13 10:31,3/15/13 10:47,1,1,NA,40,1,5,1,5,5,5,4,4,6,5,5,5,4,4,4,4,5,6,6,4,4,5,5,3,5,5,5,5,3,4,5,5,4,4,4,3,5,5,4,5,4,4,4,4,4,4,4,4,5,4,3,5,5,5,4,5,5,5,4,4,2,5,5,4,5,5,6,5,5,5,4,5,2,5,6,5,4,4,5,5,4,4,4,6,5,5,5,4,5,6,
NA,Default Response Set,Anonymous,NA,NA,NA,0,3/15/13 10:34,3/15/13 10:47,1,1,NA,45,1,5,1,4,4,3,4,4,4,3,3,4,4,4,5,4,4,5,2,4,3,4,6,4,5,3,5,4,4,4,5,5,4,3,3,4,5,3,5,5,6,3,5,6,4,5,3,3,4,4,5,5,4,2,3,3,3,5,3,4,3,5,4,5,4,4,5,5,4,4,3,4,3,3,3,4,4,5,3,3,5,3,4,3,3,2,5,5,3,3,
NA,Default Response Set,Anonymous,NA,NA,NA,0,3/15/13 10:33,3/15/13 10:48,1,1,NA,45,1,5,1,6,6,3,4,7,6,5,3,5,5,6,5,6,3,7,6,2,3,5,3,5,5,5,5,3,3,3,3,6,6,6,5,5,6,6,7,6,5,5,6,5,6,7,2,3,3,3,5,3,5,3,1,2,6,7,3,5,3,3,7,6,7,6,7,5,7,6,2,7,3,3,2,3,2,7,2,3,7,3,3,1,3,1,2,7,5,6,
NA,Default Response Set,Anonymous,NA,NA,NA,0,3/15/13 10:42,3/15/13 10:48,1,1,NA,30,2,5,1,6,5,3,4,5,5,6,5,5,4,5,5,6,3,5,5,5,1,3,4,4,5,7,6,3,5,2,3,5,5,3,4,5,5,6,5,5,6,5,5,5,4,7,3,5,5,2,5,3,4,1,4,3,4,5,3,6,4,5,6,6,6,6,6,5,5,6,3,7,3,4,3,3,2,7,1,4,6,6,6,2,3,5,5,5,3,5,
NA,Default Response Set,Anonymous,NA,NA,NA,0,3/15/13 10:44,3/15/13 10:49,1,1,NA,19,2,2,1,5,4,5,5,4,5,5,5,5,3,4,7,4,5,5,6,6,6,3,2,5,5,5,5,5,5,4,5,5,5,5,6,5,4,5,5,5,5,5,4,4,5,5,4,4,5,2,5,5,5,5,5,5,7,5,5,5,4,5,6,4,6,6,5,5,4,4,5,5,5,5,6,5,5,5,4,4,5,4,5,4,4,5,4,5,5,5,
NA,Default Response Set,Anonymous,NA,NA,NA,0,3/15/13 10:39,3/15/13 10:49,1,1,NA,41,1,5,1,6,2,3,4,5,5,5,4,4,4,6,4,4,4,5,6,3,4,3,2,3,4,2,4,4,5,4,2,5,3,4,4,4,3,4,4,4,4,4,4,4,4,5,3,4,4,4,4,4,3,3,3,3,4,4,4,2,4,3,4,4,4,5,5,4,5,4,4,4,2,2,4,4,4,5,5,4,6,3,4,3,4,3,4,3,3,2,
NA,Default Response Set,Anonymous,NA,NA,NA,0,3/15/13 10:37,3/15/13 10:49,1,1,NA,40,2,4,1,7,6,6,6,7,7,6,6,7,7,7,6,6,6,7,6,2,2,3,2,2,3,6,6,6,6,2,2,7,7,6,6,6,5,6,7,7,6,6,6,6,6,7,2,2,2,6,6,2,2,2,3,2,6,6,2,6,7,6,6,3,7,6,7,6,7,7,2,5,2,3,2,3,2,5,2,6,6,6,6,5,5,6,2,7,7,6,
NA,Default Response Set,Anonymous,NA,NA,NA,0,3/15/13 10:38,3/15/13 10:50,1,1,NA,49,2,5,1,6,6,6,6,7,2,6,6,6,6,6,6,6,2,7,6,5,4,3,4,3,5,6,6,5,6,3,4,5,3,5,6,6,6,6,6,6,6,6,6,6,5,6,2,2,5,6,5,2,2,3,3,1,6,6,2,6,6,2,6,3,6,6,5,6,6,6,5,6,3,2,2,3,3,6,5,6,6,3,6,2,3,6,5,6,3,2,
NA,Default Response Set,Anonymous,NA,NA,NA,0,3/15/13 10:34,3/15/13 10:50,1,1,NA,37,2,5,1,5,5,5,5,6,5,4,3,4,5,6,5,7,2,6,4,5,3,3,2,3,3,4,4,6,5,1,3,6,3,5,5,5,5,7,7,5,5,7,5,6,6,7,2,3,3,2,5,2,3,3,2,2,5,5,2,5,6,5,5,5,7,6,7,6,6,5,2,5,2,3,1,2,2,5,5,5,6,5,3,4,3,6,4,6,5,7,
NA,Default Response Set,Anonymous,NA,NA,NA,0,3/15/13 10:39,3/15/13 10:50,1,1,NA,40,2,5,1,6,5,4,5,5,6,4,5,5,6,6,5,6,2,6,5,5,2,2,2,3,4,6,6,5,5,2,5,5,6,5,5,5,4,5,6,5,7,5,5,7,4,6,2,3,2,5,7,2,2,2,2,2,5,3,2,5,5,3,5,3,6,5,6,6,6,5,2,5,1,2,3,2,3,4,5,5,5,5,5,4,4,6,3,6,5,3,
NA,Default Response Set,Anonymous,NA,NA,NA,0,3/15/13 10:36,3/15/13 10:50,1,1,NA,51,2,5,1,3,3,3,3,3,3,3,3,5,3,3,3,3,5,5,5,5,5,5,5,5,5,3,3,3,3,5,5,3,5,3,3,5,3,3,3,5,3,3,3,3,3,5,5,5,5,3,3,6,5,5,6,5,3,3,5,3,3,3,3,3,3,3,5,3,3,3,5,3,3,5,5,5,6,5,3,3,5,3,3,5,5,3,3,3,3,3,
NA,Default Response Set,Anonymous,NA,NA,NA,0,3/15/13 10:42,3/15/13 10:52,1,1,NA,38,2,4,1,6,5,5,3,5,6,3,5,5,6,6,4,5,5,5,5,7,5,2,6,5,7,3,6,5,2,1,6,7,5,3,3,3,5,5,5,5,6,5,5,7,3,5,3,3,5,3,6,4,7,2,1,3,5,5,5,5,2,7,5,5,7,6,5,5,5,6,3,3,5,3,4,5,4,5,2,5,5,3,3,5,2,5,5,6,2,1,
NA,Default Response Set,Anonymous,NA,NA,NA,0,3/15/13 10:44,3/15/13 10:52,1,1,NA,28,2,5,1,5,4,4,4,5,6,4,4,4,5,6,4,6,4,6,4,3,3,5,2,4,4,4,5,5,5,2,3,5,5,4,5,6,7,5,5,5,5,5,5,5,5,6,2,3,3,5,5,4,5,3,2,2,5,5,5,5,4,4,4,5,6,5,6,5,5,5,2,5,2,6,3,3,2,5,2,4,5,4,4,3,3,5,2,5,3,3,
NA,Default Response Set,Anonymous,NA,NA,NA,0,3/15/13 10:29,3/15/13 10:52,1,1,NA,31,1,5,1,2,3,2,4,2,2,4,2,4,2,2,2,3,6,4,4,5,6,5,5,4,5,2,2,2,2,5,6,2,4,3,2,4,4,4,4,2,2,4,4,2,2,4,4,4,5,2,2,5,4,4,5,4,3,4,4,2,2,4,4,4,4,4,5,4,2,2,4,2,4,4,4,5,5,4,4,2,5,2,2,4,4,2,4,2,3,2,
NA,Default Response Set,Anonymous,NA,NA,NA,0,3/15/13 10:43,3/15/13 10:52,1,1,NA,25,2,5,1,3,5,3,3,3,5,4,5,5,5,3,3,5,5,4,5,3,5,3,3,5,6,5,6,4,5,4,5,5,5,5,2,4,6,2,3,5,6,4,3,2,5,6,3,7,6,3,5,6,4,3,4,6,4,6,3,4,2,2,4,3,5,4,3,3,3,3,5,4,6,4,6,6,4,5,4,3,5,4,6,4,2,4,4,3,6,3,
NA,Default Response Set,Anonymous,NA,NA,NA,0,3/15/13 10:39,3/15/13 10:52,1,1,NA,38,2,5,1,2,3,2,4,4,5,3,3,3,2,3,2,5,5,5,4,5,3,4,4,4,5,5,2,3,3,6,5,3,1,2,2,3,6,3,4,3,2,4,2,5,4,6,4,6,5,2,3,5,5,4,4,4,2,4,4,3,2,5,6,5,6,2,6,4,6,3,3,5,4,5,5,5,5,6,6,3,6,3,2,3,5,6,2,3,3,3,
NA,Default Response Set,Anonymous,NA,NA,NA,0,3/15/13 10:38,3/15/13 10:52,1,1,NA,26,2,5,1,6,5,5,2,6,6,4,6,6,6,5,6,5,3,7,5,2,2,2,2,2,2,5,6,5,6,2,4,5,6,6,5,6,6,6,6,6,6,3,6,6,3,6,2,3,2,5,6,2,2,2,2,2,6,6,2,6,6,2,6,2,6,5,6,6,6,6,6,3,3,2,2,3,2,5,4,5,2,6,5,3,4,5,5,6,6,3,
NA,Default Response Set,Anonymous,NA,NA,NA,0,3/15/13 10:43,3/15/13 10:52,1,1,NA,66,2,5,1,5,5,3,2,5,6,2,3,6,5,6,4,5,5,6,3,3,2,2,2,2,4,2,5,5,5,2,2,5,4,2,5,5,6,5,5,5,6,5,5,6,3,6,2,3,3,3,3,3,4,2,3,2,3,5,2,5,5,2,6,2,6,5,6,5,3,5,2,2,2,3,2,3,3,5,2,5,5,5,3,3,3,5,5,5,2,2,
NA,Default Response Set,Anonymous,NA,NA,NA,0,3/15/13 10:39,3/15/13 10:52,1,1,NA,29,2,5,1,5,6,5,5,6,5,6,4,6,6,5,6,6,2,6,6,3,3,2,2,5,3,5,5,6,6,1,2,6,6,6,6,6,5,6,7,6,6,6,6,5,6,6,2,2,2,6,5,2,2,2,3,2,5,6,2,6,6,2,6,3,6,7,6,7,6,6,2,6,2,2,2,3,2,6,2,6,6,6,4,3,2,6,5,6,6,6,
NA,Default Response Set,Anonymous,NA,NA,NA,0,3/15/13 10:42,3/15/13 10:53,1,1,NA,54,2,2,1,4,2,2,5,3,4,3,5,5,4,5,4,3,5,6,5,4,4,3,4,2,2,3,4,2,3,5,4,5,3,3,2,3,5,4,4,3,4,4,3,5,3,5,3,3,5,2,4,5,5,5,5,5,3,4,5,3,1,2,4,5,5,4,4,3,3,3,4,3,4,4,3,5,5,5,6,3,5,2,4,5,5,3,3,3,3,1,
NA,Default Response Set,Anonymous,NA,NA,NA,0,3/15/13 10:47,3/15/13 10:53,1,1,NA,28,2,5,1,5,5,5,3,6,6,4,4,5,5,5,6,5,2,6,5,3,4,2,3,2,3,5,6,6,5,2,4,5,5,5,5,6,6,5,5,5,5,6,5,5,5,6,2,2,3,5,5,2,2,3,5,2,4,5,2,5,5,4,5,3,6,5,5,5,5,5,3,6,4,3,6,2,2,6,3,4,6,5,5,3,3,5,5,6,5,6,
NA,Default Response Set,Anonymous,NA,NA,NA,0,3/15/13 10:44,3/15/13 10:54,1,1,NA,57,2,5,1,4,3,3,3,4,4,3,3,2,4,3,5,3,5,4,3,6,5,4,5,4,5,2,2,4,3,6,5,4,3,3,3,5,6,5,5,4,4,3,4,3,4,6,5,5,5,2,4,5,5,3,4,5,3,5,4,4,3,4,3,3,6,3,6,6,5,4,3,2,5,3,5,6,5,5,4,3,5,3,5,3,5,3,3,6,3,1,
NA,Default Response Set,Anonymous,NA,NA,NA,0,3/15/13 10:37,3/15/13 10:54,1,1,NA,52,2,5,1,7,5,2,1,3,6,4,3,6,4,6,5,5,7,6,4,5,2,4,5,6,6,6,5,3,2,3,5,3,5,2,2,1,2,3,2,3,4,3,2,2,3,3,7,6,6,2,2,6,6,4,5,6,2,5,6,2,3,4,1,6,3,3,4,3,4,2,6,3,2,7,3,6,6,6,2,3,6,2,3,2,5,3,4,4,2,5,
NA,Default Response Set,Anonymous,NA,NA,NA,0,3/15/13 10:44,3/15/13 10:54,1,1,NA,28,2,5,1,3,3,3,3,3,3,4,3,4,3,3,3,4,5,5,4,5,2,5,3,4,5,5,3,3,3,3,5,3,3,3,3,4,5,5,3,4,3,3,3,3,3,4,3,5,5,2,3,5,5,5,4,5,3,3,5,3,3,3,3,4,3,3,3,3,3,3,3,3,3,5,5,5,5,4,5,3,5,3,3,5,5,3,3,3,3,2,
NA,Default Response Set,Anonymous,NA,NA,NA,0,3/15/13 10:40,3/15/13 10:54,1,1,NA,30,1,11,1,5,5,5,5,5,6,5,5,5,5,5,5,5,3,5,5,2,3,2,2,2,2,6,5,5,5,2,2,5,5,5,5,5,3,5,5,5,5,5,5,5,5,6,2,3,3,5,5,2,3,3,2,3,5,5,2,5,5,3,6,3,6,5,6,6,6,6,2,5,2,2,2,3,2,5,3,5,6,5,5,3,3,5,5,6,5,5,
NA,Default Response Set,Anonymous,NA,NA,NA,0,3/15/13 10:47,3/15/13 10:55,1,1,NA,26,1,5,1,6,3,2,5,5,5,6,5,6,4,5,5,2,5,5,6,4,5,3,4,3,7,4,3,5,5,6,4,6,4,4,2,4,6,4,5,5,6,5,5,6,5,5,4,6,6,3,4,6,6,3,6,3,4,5,4,5,2,4,4,5,5,5,5,6,6,3,3,3,3,6,4,3,5,6,6,4,6,5,5,3,4,5,6,6,3,4,
NA,Default Response Set,Anonymous,NA,NA,NA,0,3/15/13 10:44,3/15/13 10:55,1,1,NA,49,2,5,1,5,5,5,7,7,5,4,5,5,5,6,6,6,2,6,6,3,4,2,5,2,5,7,6,5,6,2,4,6,6,5,5,5,6,7,7,6,6,5,6,6,5,7,2,1,3,5,6,2,3,2,2,2,5,6,2,6,5,5,6,2,6,5,7,7,7,6,3,5,2,3,1,3,2,5,3,6,6,5,5,4,4,5,4,7,5,5,
NA,Default Response Set,Anonymous,NA,NA,NA,0,3/15/13 10:44,3/15/13 10:55,1,1,NA,67,1,5,1,6,5,5,6,6,5,6,5,6,3,5,5,5,5,5,5,3,3,3,4,3,3,6,4,5,5,3,2,5,5,4,3,4,5,5,5,5,3,4,6,3,3,5,3,4,3,3,4,5,4,4,5,3,4,6,3,6,4,5,5,6,5,5,6,6,5,5,3,5,2,3,3,3,3,6,5,5,6,5,3,3,4,5,3,6,3,3,
NA,Default Response Set,Anonymous,NA,NA,NA,0,3/15/13 10:32,3/15/13 10:55,1,1,NA,35,1,6,1,6,5,6,5,6,6,6,6,6,7,6,5,5,6,6,2,6,5,6,2,6,6,3,6,6,6,6,5,5,5,6,6,5,5,6,6,6,6,6,6,6,2,6,5,6,7,6,5,5,5,2,6,6,4,5,5,5,6,5,3,5,5,6,5,6,6,4,6,6,5,5,6,5,5,6,5,6,6,6,6,2,4,6,2,1,6,5,
NA,Default Response Set,Anonymous,NA,NA,NA,0,3/15/13 10:42,3/15/13 10:56,1,1,NA,26,1,5,1,5,5,3,5,3,5,4,3,4,5,5,5,6,5,5,4,4,2,5,4,3,6,2,6,5,5,3,5,3,6,3,3,3,3,6,5,5,6,5,6,5,5,6,5,2,2,3,5,2,3,2,5,2,4,7,3,5,4,6,6,5,7,3,7,6,5,5,3,7,2,1,3,4,3,7,1,4,7,3,6,1,1,3,7,6,6,5,
NA,Default Response Set,Anonymous,NA,NA,NA,0,3/15/13 10:33,3/15/13 10:56,1,1,NA,20,1,6,1,4,4,2,3,5,6,6,6,6,3,6,6,5,6,6,6,3,2,2,3,2,3,6,5,2,3,5,2,2,2,2,3,5,4,2,4,3,5,2,3,5,2,5,2,3,6,2,5,3,4,3,3,3,2,2,3,2,5,3,2,5,5,2,5,3,4,6,3,2,5,3,4,4,3,7,6,3,5,3,4,4,3,2,3,2,2,2,
NA,Default Response Set,Anonymous,NA,NA,NA,0,3/15/13 10:47,3/15/13 10:56,1,1,NA,21,2,4,1,6,6,3,4,6,6,6,7,4,5,5,5,7,4,4,7,5,3,4,5,4,5,6,4,4,6,5,4,4,3,3,2,4,4,7,5,5,4,4,4,7,2,7,4,5,6,2,4,4,5,4,4,4,3,5,4,6,4,6,6,6,6,6,6,7,7,6,3,4,5,2,3,3,3,3,5,6,5,4,5,6,4,7,2,7,5,6,
NA,Default Response Set,Anonymous,NA,NA,NA,0,3/15/13 10:49,3/15/13 10:57,1,1,NA,29,1,5,1,6,3,2,1,5,6,5,5,6,3,5,4,5,7,6,5,5,3,3,5,5,5,6,2,2,2,6,5,3,2,2,3,3,3,1,3,3,2,3,2,2,2,2,4,7,6,2,3,7,7,6,5,5,2,5,6,2,2,3,3,6,2,4,5,2,5,3,3,2,4,3,6,6,6,4,7,2,3,2,3,5,6,2,5,3,2,2,
NA,Default Response Set,Anonymous,NA,NA,NA,0,3/15/13 10:47,3/15/13 10:57,1,1,NA,21,1,5,1,2,3,3,3,4,3,3,3,4,3,4,3,4,4,4,4,6,4,5,4,5,6,3,3,3,3,5,5,3,3,3,3,3,4,4,4,3,3,4,3,3,3,4,4,5,5,2,3,5,4,5,5,6,2,4,5,3,3,5,3,4,5,3,4,3,4,3,5,3,4,5,6,4,5,3,5,3,4,4,3,5,5,3,3,4,3,4,
NA,Default Response Set,Anonymous,NA,NA,NA,0,3/15/13 10:42,3/15/13 10:57,1,1,NA,35,1,5,1,6,5,3,2,5,5,6,5,5,5,6,5,5,6,6,6,5,3,3,4,3,3,2,5,3,2,5,6,2,3,3,2,3,4,3,3,5,5,3,3,6,3,5,5,6,6,2,5,6,5,4,3,5,2,5,5,5,2,4,5,3,3,4,5,4,4,5,4,2,2,6,5,5,6,6,5,2,4,2,4,3,5,3,3,4,2,2,
NA,Default Response Set,Anonymous,NA,NA,NA,0,3/15/13 10:51,3/15/13 10:57,1,1,NA,19,2,5,1,4,5,3,3,6,4,5,3,3,5,5,5,5,5,3,4,5,3,5,6,7,6,3,6,3,3,6,6,5,3,3,3,5,5,5,5,5,3,3,5,5,3,6,4,6,6,3,5,5,5,4,3,4,3,5,5,4,3,3,5,5,6,5,6,6,6,4,4,5,6,5,4,4,5,6,2,4,5,3,5,2,3,4,6,5,3,4,
NA,Default Response Set,Anonymous,NA,NA,NA,0,3/15/13 10:46,3/15/13 10:58,1,1,NA,31,1,5,1,5,5,3,2,6,6,6,6,5,5,5,4,5,6,6,6,3,3,5,3,5,3,7,5,5,3,5,5,6,5,2,6,6,5,6,5,5,5,6,6,6,5,6,2,5,3,3,5,6,5,2,3,3,5,6,3,3,2,3,6,2,7,6,6,6,6,5,3,3,3,3,3,5,5,7,4,3,6,3,4,3,3,3,3,6,3,4,
NA,Default Response Set,Anonymous,NA,NA,NA,0,3/15/13 10:43,3/15/13 10:58,1,1,NA,29,1,5,1,2,2,2,4,2,5,2,1,2,4,5,2,2,6,3,2,6,3,4,6,2,6,2,1,2,1,6,6,2,2,2,2,2,4,4,2,1,4,2,4,5,1,4,1,6,6,2,5,5,5,6,4,4,1,5,5,1,1,1,2,1,2,2,4,2,2,2,5,1,1,7,7,6,5,5,5,4,4,2,5,3,2,2,3,1,1,1,
NA,Default Response Set,Anonymous,NA,NA,NA,0,3/15/13 10:49,3/15/13 10:58,1,1,NA,42,1,5,1,3,3,2,4,5,4,2,2,3,2,4,3,4,5,3,3,5,5,5,5,4,5,2,3,2,2,5,5,4,2,2,2,4,5,3,4,4,2,5,4,3,3,5,3,5,5,2,3,5,5,2,4,3,2,5,4,3,2,5,4,5,5,5,5,3,4,3,3,2,3,5,4,5,5,5,5,2,4,3,3,6,5,3,2,3,2,3,
NA,Default Response Set,Anonymous,NA,NA,NA,0,3/15/13 10:43,3/15/13 10:58,1,1,NA,32,2,5,1,7,6,6,5,6,7,6,6,7,6,7,6,7,3,7,7,2,2,1,2,1,2,6,7,5,6,1,2,6,6,5,6,5,6,7,6,6,7,3,6,7,5,7,2,2,2,3,7,2,2,1,1,2,5,7,2,6,6,5,6,5,7,6,7,7,7,6,2,5,3,2,2,3,1,7,3,5,7,5,6,1,2,6,5,7,5,3,
NA,Default Response Set,Anonymous,NA,NA,NA,0,3/15/13 10:54,3/15/13 10:59,1,1,NA,19,1,5,1,3,3,3,4,4,4,4,4,1,3,2,3,6,5,5,3,5,3,5,1,5,6,4,2,2,3,3,6,3,2,2,3,2,3,5,3,5,4,4,5,4,2,6,5,3,5,2,3,6,5,4,5,5,2,4,4,3,2,4,5,4,5,5,6,5,6,2,3,3,6,2,6,4,4,5,5,2,4,2,3,5,5,3,3,5,1,5,
NA,Default Response Set,Anonymous,NA,NA,NA,0,3/15/13 10:50,3/15/13 10:59,1,1,NA,47,1,5,1,6,5,6,5,5,6,6,6,6,5,6,6,2,4,6,6,5,2,3,6,3,6,6,6,3,4,3,3,3,4,4,3,5,6,5,5,5,6,4,4,5,3,6,6,5,5,4,5,4,3,3,4,4,3,6,2,6,3,5,5,5,6,5,6,3,5,6,6,3,3,2,3,3,5,5,5,3,6,3,3,4,6,6,3,5,2,3,
NA,Default Response Set,Anonymous,NA,NA,NA,0,3/15/13 10:31,3/15/13 10:59,1,1,NA,24,2,5,1,5,5,5,5,5,5,5,5,6,5,5,5,5,5,6,5,3,3,3,2,4,3,2,5,5,5,3,6,5,5,5,5,5,5,5,5,5,5,5,5,6,5,5,2,3,3,3,5,3,2,2,3,2,5,5,3,6,3,3,1,2,5,5,5,6,6,3,3,5,3,3,3,4,2,6,3,5,5,5,5,2,3,3,5,5,5,5,
NA,Default Response Set,Anonymous,NA,NA,NA,0,3/15/13 10:51,3/15/13 10:59,1,1,NA,24,1,5,1,5,5,2,2,4,5,4,5,5,2,3,4,2,6,6,5,5,3,3,6,2,4,2,2,2,2,5,5,2,2,2,2,5,5,3,2,3,2,4,2,4,2,5,3,5,5,2,2,6,4,4,5,5,2,3,5,4,2,2,2,2,4,2,4,3,4,4,5,2,2,4,5,6,5,4,5,2,4,2,2,6,6,2,2,2,2,2,
NA,Default Response Set,Anonymous,NA,NA,NA,0,3/15/13 10:44,3/15/13 10:59,1,1,NA,54,2,5,1,6,6,3,3,6,7,5,3,6,3,5,6,6,6,6,3,3,3,3,2,2,3,5,3,3,5,3,4,6,5,5,5,6,5,5,7,5,5,5,5,6,5,6,2,5,3,2,5,3,5,3,3,3,5,5,3,5,6,3,6,3,6,6,6,5,5,5,3,3,2,3,3,3,3,4,4,3,3,5,1,4,6,5,3,5,3,6,
NA,Default Response Set,Anonymous,NA,NA,NA,0,3/15/13 10:51,3/15/13 11:00,1,1,NA,25,1,5,1,4,5,5,5,5,5,6,6,4,6,5,5,5,4,6,6,5,2,5,4,5,5,5,5,5,5,5,5,6,5,5,2,5,5,6,5,6,6,5,4,5,4,6,2,4,3,4,6,4,3,2,4,3,4,5,3,5,5,5,5,4,5,5,6,6,5,6,4,4,4,3,3,4,4,6,3,5,6,4,5,3,4,6,5,6,4,2,
NA,Default Response Set,Anonymous,NA,NA,NA,0,3/15/13 10:52,3/15/13 11:00,1,1,NA,22,1,2,1,5,5,6,6,6,6,5,4,5,2,5,6,3,5,5,5,6,5,3,5,2,3,6,6,6,6,2,4,6,5,6,6,6,2,6,5,6,2,6,6,5,2,6,2,2,5,6,5,3,2,5,4,1,5,5,5,6,6,3,5,3,6,5,6,6,6,6,2,6,2,2,2,2,2,6,4,6,6,6,5,4,2,5,2,5,5,5,
NA,Default Response Set,Anonymous,NA,NA,NA,0,3/15/13 10:47,3/15/13 11:00,1,1,NA,35,2,5,1,4,3,5,4,5,5,2,1,4,3,4,4,4,5,4,1,6,4,4,4,4,5,4,5,5,2,4,6,3,4,4,5,4,5,1,5,4,6,4,4,6,3,5,3,4,4,4,4,4,1,3,3,1,4,5,4,4,5,4,5,1,5,4,5,5,4,4,3,5,3,4,4,5,4,6,2,5,5,4,5,2,3,3,5,5,4,4,
NA,Default Response Set,Anonymous,NA,NA,NA,0,3/15/13 10:37,3/15/13 11:00,1,1,NA,27,2,5,1,4,6,4,6,4,5,6,6,4,5,4,4,4,4,4,3,4,5,5,4,4,5,4,4,4,5,5,4,6,4,5,5,4,5,5,5,4,5,5,4,4,5,4,3,4,4,4,3,5,4,5,5,5,5,4,5,5,5,3,4,6,4,4,5,5,3,5,6,5,5,5,4,4,3,5,4,4,4,5,4,5,5,4,4,5,4,5,
NA,Default Response Set,Anonymous,NA,NA,NA,0,3/15/13 10:52,3/15/13 11:01,1,1,NA,32,1,5,1,5,5,5,3,5,5,6,6,5,3,5,5,5,5,5,5,5,4,3,3,3,5,6,3,5,6,3,3,5,5,5,5,5,5,5,5,5,5,5,6,6,5,6,3,3,5,3,5,3,3,5,3,3,5,5,3,5,5,3,5,3,5,5,5,6,6,5,3,5,3,3,3,3,3,5,5,5,6,6,3,5,5,5,3,6,5,5,
NA,Default Response Set,Anonymous,NA,NA,NA,0,3/15/13 10:43,3/15/13 11:01,1,1,NA,54,2,5,1,4,6,6,7,6,3,4,2,5,3,3,5,7,3,5,5,2,4,2,4,6,3,3,2,6,5,2,4,6,6,6,7,4,7,5,7,5,5,7,5,5,5,7,1,4,4,7,5,3,2,3,1,1,6,5,2,6,5,7,5,6,7,4,6,5,7,5,1,5,3,3,3,2,2,7,4,6,6,5,2,2,2,5,5,7,4,5,
NA,Default Response Set,Anonymous,NA,NA,NA,0,3/15/13 10:56,3/15/13 11:01,1,1,NA,52,1,5,1,6,6,3,2,6,6,3,3,5,6,5,6,6,6,6,4,5,3,2,3,2,5,5,5,5,4,5,6,6,6,5,5,5,6,5,5,6,6,5,5,7,6,6,2,3,3,2,7,4,5,2,2,3,3,6,3,5,5,3,6,3,6,5,6,5,5,5,3,4,2,3,2,3,3,7,2,5,6,5,5,1,2,3,6,5,3,7,
NA,Default Response Set,Anonymous,NA,NA,NA,0,3/15/13 10:53,3/15/13 11:01,1,1,NA,28,2,5,1,5,4,2,2,4,6,4,3,4,4,5,5,5,4,5,3,5,4,5,5,2,6,3,3,4,4,5,6,5,3,3,3,4,5,3,5,5,4,4,4,4,4,5,3,5,6,3,5,5,4,3,3,4,3,5,3,4,4,5,5,2,5,5,5,5,5,4,5,4,5,4,4,3,5,4,4,4,5,3,3,4,4,3,3,5,3,5,
NA,Default Response Set,Anonymous,NA,NA,NA,0,3/15/13 10:52,3/15/13 11:01,1,1,NA,23,1,6,1,6,6,4,5,4,5,3,2,6,5,5,5,4,5,7,5,5,4,4,5,4,6,3,6,5,4,4,6,5,5,5,5,6,5,6,5,6,6,5,5,7,4,4,4,4,5,5,5,4,5,5,5,5,6,6,3,5,5,5,6,6,5,5,6,5,4,5,5,4,4,5,3,5,4,7,4,5,5,4,5,2,4,1,5,5,3,1,
NA,Default Response Set,Anonymous,NA,NA,NA,0,3/15/13 10:48,3/15/13 11:02,1,1,NA,21,1,5,1,7,7,7,1,7,1,6,6,7,7,7,7,7,1,7,5,1,1,1,1,1,5,1,7,7,7,1,4,7,7,7,7,7,5,7,7,7,7,7,7,7,6,7,1,1,1,7,7,1,1,1,1,1,7,7,1,7,7,1,7,1,7,7,7,7,7,7,1,4,1,1,1,1,1,7,4,7,7,7,7,4,4,7,1,7,4,7,
NA,Default Response Set,Anonymous,NA,NA,NA,0,3/15/13 10:58,3/15/13 11:02,1,1,NA,24,1,5,1,2,3,5,5,3,3,6,4,3,5,4,5,3,4,3,2,3,6,6,5,2,7,3,4,1,5,5,4,3,4,5,6,6,5,4,4,6,5,2,5,5,5,3,3,4,3,3,5,5,3,4,4,3,4,6,3,3,4,5,2,6,4,4,5,3,5,2,3,3,3,3,5,5,3,6,4,5,4,3,6,2,5,6,6,5,2,4,
NA,Default Response Set,Anonymous,NA,NA,NA,0,3/15/13 10:48,3/15/13 11:02,1,1,NA,29,2,5,1,6,5,6,4,6,6,4,4,5,5,5,5,7,5,7,4,3,4,3,3,1,3,6,5,5,5,4,2,5,5,3,7,7,7,6,6,6,5,2,6,6,3,7,3,4,4,4,3,5,4,3,4,3,5,6,3,4,6,7,6,5,7,5,7,5,5,3,2,7,2,5,3,3,2,7,5,5,7,5,4,4,5,4,2,7,4,7,
NA,Default Response Set,Anonymous,NA,NA,NA,0,3/15/13 10:46,3/15/13 11:02,1,1,NA,33,1,5,1,6,5,6,5,6,6,5,7,6,5,6,7,6,2,7,6,3,1,2,4,1,6,6,6,6,6,2,5,6,6,5,7,5,7,7,7,6,6,6,7,7,5,6,2,2,2,6,6,2,2,1,3,2,6,5,1,5,5,4,6,2,5,7,6,6,6,5,3,3,3,2,1,3,3,6,3,6,7,5,5,2,3,6,5,6,6,3,
NA,Default Response Set,Anonymous,NA,NA,NA,0,3/15/13 10:56,3/15/13 11:02,1,1,NA,26,2,5,1,3,4,7,5,4,5,4,4,4,7,6,5,5,4,4,4,4,4,4,4,5,5,1,1,4,4,4,4,7,4,4,4,7,7,4,4,3,4,3,4,4,7,7,5,7,4,3,4,7,5,4,4,4,4,4,2,5,4,4,4,4,4,7,4,4,3,5,4,5,4,4,4,4,4,5,4,3,4,4,4,3,6,4,4,5,3,4,
NA,Default Response Set,Anonymous,NA,NA,NA,0,3/15/13 10:57,3/15/13 11:03,1,1,NA,23,2,5,1,4,2,3,3,5,7,4,4,5,5,5,4,4,4,5,6,4,4,4,3,4,5,5,4,3,4,4,4,4,4,4,2,4,2,4,4,5,6,3,4,5,2,5,3,4,4,1,5,3,4,2,4,5,3,5,5,4,1,2,5,2,2,4,5,2,4,5,4,4,3,3,4,5,3,6,3,2,5,3,2,3,3,5,4,5,4,3,
NA,Default Response Set,Anonymous,NA,NA,NA,0,3/15/13 10:58,3/15/13 11:03,1,1,NA,30,2,5,1,4,3,4,4,5,4,5,5,5,5,4,5,5,4,5,5,4,5,4,3,4,5,4,4,4,5,4,4,4,5,4,4,4,4,5,4,4,5,5,4,4,4,4,5,5,4,4,5,4,4,5,4,4,4,4,4,4,4,4,5,5,5,5,4,4,4,4,4,3,4,3,5,4,4,5,5,5,5,5,4,4,4,4,5,5,3,4,
NA,Default Response Set,Anonymous,NA,NA,NA,0,3/15/13 10:55,3/15/13 11:03,1,1,NA,24,1,5,1,3,2,3,3,3,3,3,3,3,3,3,3,3,5,3,3,5,5,5,5,5,5,3,3,3,3,5,5,3,3,3,3,3,3,3,3,3,3,3,3,3,3,5,3,5,5,3,3,5,5,5,5,5,3,3,3,3,3,5,3,6,3,3,3,3,3,3,5,3,3,3,5,5,5,2,5,3,3,3,3,5,5,3,2,3,3,3,
NA,Default Response Set,Anonymous,NA,NA,NA,0,3/15/13 10:47,3/15/13 11:03,1,1,NA,27,1,2,1,5,5,4,4,4,6,5,6,5,6,5,4,5,6,7,5,4,3,3,3,3,4,5,4,4,4,5,4,4,3,3,5,4,5,4,4,4,4,5,4,5,3,5,3,5,6,3,4,5,4,3,5,5,3,7,4,5,6,5,6,3,5,4,5,5,6,5,5,5,3,4,5,5,5,5,5,4,5,4,5,3,4,4,3,4,3,3,
NA,Default Response Set,Anonymous,NA,NA,NA,0,3/15/13 10:54,3/15/13 11:04,1,1,NA,60,2,5,1,6,6,5,4,6,6,6,5,6,5,6,6,6,2,6,5,2,2,2,2,2,2,6,5,6,6,2,2,6,6,6,5,5,6,6,6,6,5,6,6,6,5,6,2,2,2,4,6,2,2,2,2,2,6,6,2,6,5,3,6,3,6,6,6,6,6,6,2,5,2,2,2,2,2,6,2,6,6,5,4,2,2,5,5,6,5,6,
NA,Default Response Set,Anonymous,NA,NA,NA,0,3/15/13 10:57,3/15/13 11:04,1,1,NA,23,1,5,1,5,2,2,2,2,5,3,2,4,2,3,2,2,5,6,3,6,6,5,6,5,6,2,2,2,2,7,6,2,2,2,2,2,2,2,2,2,2,2,2,2,2,2,5,6,7,2,2,7,6,6,6,6,2,2,6,2,2,5,5,6,2,2,5,2,2,2,5,3,3,6,6,6,6,2,6,2,5,3,2,6,6,3,2,2,2,3,
NA,Default Response Set,Anonymous,NA,NA,NA,0,3/15/13 10:58,3/15/13 11:04,1,1,NA,33,2,5,1,5,6,4,5,2,3,4,5,3,3,6,5,4,2,3,7,3,6,5,5,5,5,2,6,3,4,5,4,3,5,5,4,4,5,4,5,3,3,3,2,2,2,4,3,6,4,4,4,5,2,6,3,2,5,5,4,2,3,3,3,4,4,3,3,5,6,2,5,5,5,2,6,3,6,5,2,3,2,3,2,3,4,2,2,2,3,5,
NA,Default Response Set,Anonymous,NA,NA,NA,0,3/15/13 10:57,3/15/13 11:04,1,1,NA,29,2,5,1,6,6,5,6,6,5,7,7,6,4,5,5,5,5,7,7,1,4,2,3,2,1,6,5,4,7,2,3,5,6,4,4,5,5,6,5,6,5,5,6,4,6,6,2,3,3,6,4,4,6,5,5,2,7,5,4,6,5,5,6,4,4,6,6,7,5,5,5,7,5,6,2,3,5,4,4,5,5,4,5,5,5,6,4,5,6,5,
NA,Default Response Set,Anonymous,NA,NA,NA,0,3/15/13 10:55,3/15/13 11:05,1,1,NA,20,1,5,1,6,6,7,6,7,5,6,1,4,6,6,7,6,2,7,7,2,3,1,1,2,4,7,6,7,6,2,2,7,4,6,7,5,4,6,7,7,7,5,7,7,7,6,2,2,2,6,7,1,2,2,1,7,7,7,2,7,7,3,7,6,7,6,7,6,7,7,2,6,4,3,2,2,1,7,1,7,7,7,7,1,2,6,7,7,7,6,
NA,Default Response Set,Anonymous,NA,NA,NA,0,3/15/13 10:54,3/15/13 11:05,1,1,NA,35,2,7,1,7,7,7,7,1,7,7,7,7,7,7,7,7,1,7,7,4,1,1,7,1,4,7,7,7,5,1,7,7,7,7,7,7,1,7,7,7,7,1,7,7,7,7,1,1,1,7,7,1,1,1,1,1,7,7,1,7,7,7,1,7,7,7,7,7,5,7,6,1,1,4,1,1,1,7,7,7,7,7,7,7,1,7,1,7,1,1,
NA,Default Response Set,Anonymous,NA,NA,NA,0,3/15/13 10:30,3/15/13 11:05,1,1,NA,28,2,4,1,6,3,5,6,6,6,3,3,6,5,5,5,6,5,6,4,5,5,5,5,3,5,5,2,3,3,3,5,5,6,2,2,6,2,3,5,5,6,3,5,6,5,3,3,5,5,3,3,5,5,2,6,3,3,5,3,3,5,2,6,5,5,6,7,6,7,5,3,1,1,3,2,7,5,2,6,5,3,5,2,7,6,3,2,7,5,3,
NA,Default Response Set,Anonymous,NA,NA,NA,0,3/15/13 10:46,3/15/13 11:05,1,1,NA,21,1,5,1,7,5,5,3,7,7,4,7,7,5,7,7,5,1,7,4,1,1,1,1,1,1,4,5,5,5,1,1,6,6,5,5,7,5,5,6,5,5,6,7,4,4,5,1,1,1,4,5,1,1,1,1,1,5,7,1,6,5,2,7,1,7,6,7,5,2,6,1,4,1,1,1,2,1,6,3,5,7,4,5,3,3,7,5,5,5,4,
NA,Default Response Set,Anonymous,NA,NA,NA,0,3/15/13 10:57,3/15/13 11:06,1,1,NA,22,2,5,1,4,3,4,5,5,4,3,4,3,4,4,3,4,4,5,1,4,3,4,3,6,7,5,3,3,3,7,4,4,4,3,5,4,4,5,4,3,4,5,4,4,4,5,3,4,5,4,4,3,4,5,4,4,3,4,1,3,3,5,5,5,5,4,5,6,5,4,4,2,5,4,4,4,5,2,3,4,4,4,4,7,5,2,3,4,4,3,
NA,Default Response Set,Anonymous,NA,NA,NA,0,3/15/13 10:56,3/15/13 11:06,1,1,NA,39,1,5,1,7,2,4,2,5,7,6,7,7,2,6,5,6,7,7,6,6,2,1,5,2,4,5,2,1,2,6,4,4,2,2,1,3,2,2,6,5,1,6,4,3,3,5,2,7,6,1,2,6,4,5,4,5,1,3,3,2,7,1,3,2,5,4,6,5,5,4,2,1,2,2,2,5,7,5,6,2,6,2,2,6,6,5,2,6,2,3,
NA,Default Response Set,Anonymous,NA,NA,NA,0,3/15/13 10:57,3/15/13 11:06,1,1,NA,22,1,5,1,4,5,5,4,6,4,4,3,5,4,5,5,5,6,5,4,3,4,3,4,4,3,5,3,4,4,5,5,5,5,4,5,5,5,5,5,4,3,5,5,4,3,6,4,4,4,2,3,5,3,4,5,4,2,5,4,6,5,5,5,4,6,5,6,5,6,3,3,3,3,3,4,5,5,5,5,3,5,4,3,3,6,2,3,5,4,5,
NA,Default Response Set,Anonymous,NA,NA,NA,0,3/15/13 10:47,3/15/13 11:06,1,1,NA,23,2,5,1,4,4,4,4,5,4,4,4,4,4,4,4,5,4,5,4,4,4,4,4,4,5,4,4,5,4,4,5,4,4,4,4,4,4,5,5,4,5,4,4,5,4,5,4,4,4,4,4,4,4,3,3,4,4,5,4,4,4,4,5,4,5,5,5,5,5,4,4,4,4,4,4,4,3,4,4,5,5,5,4,4,4,4,4,5,4,5,
NA,Default Response Set,Anonymous,NA,NA,NA,0,3/15/13 10:55,3/15/13 11:06,1,1,NA,49,1,5,1,6,5,3,5,5,6,6,6,6,6,6,6,3,5,6,6,4,1,3,3,2,3,6,6,3,3,2,2,4,3,3,3,3,3,5,5,6,5,4,5,6,4,5,3,6,5,2,5,3,4,4,3,4,4,5,4,4,2,5,3,5,6,5,5,5,6,5,2,2,3,5,3,5,3,4,6,2,6,3,5,5,5,4,2,3,3,4,
NA,Default Response Set,Anonymous,NA,NA,NA,0,3/15/13 11:01,3/15/13 11:06,1,1,NA,23,1,5,1,5,5,2,3,6,5,3,2,3,1,3,2,5,6,5,3,5,3,5,5,5,6,2,1,2,2,6,5,3,2,1,2,2,3,2,3,3,1,5,3,2,2,5,5,5,6,1,1,6,3,3,6,3,2,3,6,3,2,2,5,5,5,5,5,5,5,1,5,2,1,3,5,6,6,3,6,2,3,3,2,5,5,2,3,2,2,1,
NA,Default Response Set,Anonymous,NA,NA,NA,0,3/15/13 10:48,3/15/13 11:07,1,1,NA,26,2,5,1,5,3,5,3,5,7,5,6,5,7,6,5,5,4,5,7,5,2,5,3,6,6,5,6,5,5,2,4,5,6,5,4,5,7,7,6,5,7,4,5,7,5,5,3,6,4,2,6,3,5,3,3,3,6,5,2,6,5,4,6,5,6,5,7,5,5,6,5,6,4,5,3,5,5,7,2,4,7,4,5,2,2,7,5,5,5,5,
NA,Default Response Set,Anonymous,NA,NA,NA,0,3/15/13 10:48,3/15/13 11:07,1,1,NA,42,1,5,1,6,5,5,6,6,6,4,5,6,5,5,5,6,5,7,4,4,5,3,3,3,4,4,5,5,5,3,7,6,6,5,5,5,6,6,6,6,5,6,6,6,4,6,2,3,3,6,5,3,2,2,3,3,5,6,2,6,5,4,6,3,6,6,6,6,6,6,2,5,2,3,2,3,2,6,4,5,6,5,5,3,2,6,5,6,3,5,
NA,Default Response Set,Anonymous,NA,NA,NA,0,3/15/13 11:00,3/15/13 11:07,1,1,NA,35,2,5,1,5,5,4,2,5,5,4,3,6,5,5,5,5,4,6,5,3,2,2,2,2,4,2,5,3,3,2,6,5,4,3,4,5,6,5,4,5,5,5,5,5,3,5,2,3,4,2,5,5,3,3,3,3,3,5,3,5,4,2,5,3,5,5,6,5,5,5,3,2,2,2,3,3,3,6,2,3,5,3,4,2,4,4,2,5,3,3,
NA,Default Response Set,Anonymous,NA,NA,NA,0,3/15/13 10:55,3/15/13 11:07,1,1,NA,25,1,5,1,5,5,5,6,6,6,4,5,5,5,5,3,5,5,5,5,3,6,5,6,1,6,5,6,4,6,3,6,6,3,2,5,5,6,6,5,6,5,6,5,6,5,6,2,5,3,5,4,5,5,3,2,3,5,6,4,6,5,3,6,3,7,6,6,6,5,6,3,1,3,5,5,6,3,7,3,5,5,5,6,2,3,5,6,5,5,1,
NA,Default Response Set,Anonymous,NA,NA,NA,0,3/15/13 11:03,3/15/13 11:07,1,1,NA,27,1,1,1,4,7,5,3,5,7,7,4,5,7,4,4,1,1,7,7,6,1,3,4,3,1,5,4,1,4,4,5,5,4,6,4,5,5,3,7,4,7,6,5,7,4,3,4,1,5,6,4,2,7,1,5,4,1,6,1,4,3,7,6,5,6,4,5,2,7,6,6,5,2,4,6,2,1,4,5,7,7,1,2,3,1,6,3,7,7,1,
NA,Default Response Set,Anonymous,NA,NA,NA,0,3/15/13 10:54,3/15/13 11:07,1,1,NA,26,2,5,1,7,6,6,7,6,6,6,7,6,1,5,7,6,1,6,6,1,6,6,1,1,1,6,1,6,6,1,6,7,6,6,6,5,5,6,6,6,1,6,6,1,6,6,6,1,1,6,1,7,1,6,1,1,6,6,1,6,6,7,6,6,6,6,6,6,6,6,6,6,1,1,1,6,1,6,6,6,2,6,1,7,6,6,1,6,6,6,
NA,Default Response Set,Anonymous,NA,NA,NA,0,3/15/13 10:51,3/15/13 11:07,1,1,NA,51,1,5,1,5,5,2,3,4,6,5,4,5,6,5,6,7,5,5,6,6,2,3,4,3,5,5,6,3,4,4,5,6,4,3,2,4,5,4,5,6,6,4,4,7,4,4,4,6,5,2,6,4,6,2,2,5,3,7,4,5,2,4,5,3,5,4,7,6,5,5,4,5,5,4,3,4,5,6,3,3,6,3,5,3,3,3,5,3,2,5,
NA,Default Response Set,Anonymous,NA,NA,NA,0,3/15/13 11:01,3/15/13 11:07,1,1,NA,30,1,5,1,3,3,3,3,4,3,3,3,4,4,3,4,3,5,5,4,5,4,4,5,5,5,3,3,3,3,5,5,3,3,3,2,4,5,4,3,3,3,3,3,3,3,4,4,5,5,3,3,5,5,5,4,5,3,3,4,3,4,4,4,4,3,4,4,3,3,3,4,3,4,5,4,5,5,3,5,4,4,4,4,5,5,3,3,3,3,3,
NA,Default Response Set,Anonymous,NA,NA,NA,0,3/15/13 11:04,3/15/13 11:08,1,1,NA,31,1,5,1,5,6,6,3,5,5,5,4,5,4,6,7,3,4,4,5,6,7,4,4,3,4,4,4,6,6,6,4,4,6,7,5,3,7,5,6,4,6,6,6,3,5,6,5,3,4,4,3,6,4,4,5,7,7,5,4,4,6,5,4,7,3,5,4,6,6,7,5,4,7,3,6,4,4,5,5,7,5,3,6,3,3,6,4,4,7,3,
NA,Default Response Set,Anonymous,NA,NA,NA,0,3/15/13 10:59,3/15/13 11:08,1,1,NA,29,1,5,1,5,4,4,3,5,4,4,4,3,5,4,4,4,4,5,3,3,5,4,3,4,4,4,3,3,3,4,3,4,5,5,4,5,4,4,4,4,4,4,3,5,5,3,5,4,5,4,5,4,4,3,3,4,3,4,4,5,3,4,4,4,4,3,3,3,4,5,3,3,4,4,5,5,5,3,4,5,2,4,5,4,4,6,5,3,4,4,
NA,Default Response Set,Anonymous,NA,NA,NA,0,3/15/13 11:01,3/15/13 11:08,1,1,NA,24,1,2,1,2,5,3,3,5,5,5,5,5,5,5,5,5,5,6,5,5,3,5,6,3,5,5,5,3,3,6,6,3,3,2,3,3,3,6,2,5,5,5,3,6,2,3,5,6,6,3,5,7,6,5,5,6,2,5,6,3,3,5,3,3,5,3,5,3,3,3,5,2,2,2,5,5,5,5,6,3,5,2,5,5,6,5,3,3,2,2,
NA,Default Response Set,Anonymous,NA,NA,NA,0,3/15/13 10:55,3/15/13 11:08,1,1,NA,23,1,5,1,6,5,3,3,7,5,5,6,5,6,5,6,5,3,6,6,4,4,3,3,2,4,5,4,4,3,3,4,6,6,6,5,6,7,5,6,5,6,6,6,6,7,7,2,5,4,4,5,3,4,1,3,4,6,7,3,5,3,5,7,4,5,6,7,6,6,4,2,7,2,4,3,4,2,7,4,4,6,5,4,2,2,3,6,6,4,5,
NA,Default Response Set,Anonymous,NA,NA,NA,0,3/15/13 11:03,3/15/13 11:08,1,1,NA,18,2,5,1,5,7,6,6,6,6,6,6,6,6,6,6,6,1,6,6,3,2,2,3,2,3,6,6,6,6,2,2,6,6,6,6,6,6,6,6,6,6,6,7,6,6,6,2,2,2,7,6,2,2,1,2,2,6,6,2,6,6,3,6,3,6,6,6,6,6,6,2,7,1,3,2,3,2,6,2,6,6,6,6,2,2,5,6,6,6,6,
NA,Default Response Set,Anonymous,NA,NA,NA,0,3/15/13 10:58,3/15/13 11:08,1,1,NA,41,2,2,1,5,2,1,2,4,6,4,4,5,2,6,6,3,5,6,5,7,5,5,6,5,7,1,3,2,2,5,7,3,3,3,2,3,6,5,3,3,3,3,3,7,1,6,6,7,6,2,2,5,6,5,5,3,2,5,5,1,3,3,6,4,5,3,6,3,5,3,3,3,4,6,3,6,6,5,5,2,5,2,5,5,5,2,4,2,2,5,
NA,Default Response Set,Anonymous,NA,NA,NA,0,3/15/13 11:02,3/15/13 11:08,1,1,NA,21,1,1,1,6,6,2,5,5,6,5,3,6,6,5,5,5,5,4,5,2,2,4,3,3,4,6,4,5,4,4,2,5,5,3,3,6,6,5,4,5,4,5,5,2,4,6,6,3,2,3,6,4,3,3,5,4,3,5,3,2,4,4,4,6,5,5,5,6,5,4,5,5,5,6,6,5,4,6,6,5,6,3,5,6,5,5,5,6,5,6,
NA,Default Response Set,Anonymous,NA,NA,NA,0,3/15/13 10:41,3/15/13 11:09,1,1,NA,25,2,5,1,6,5,5,5,6,6,6,5,6,5,5,5,4,6,5,4,4,5,5,4,4,4,5,6,5,6,5,5,5,5,5,6,4,5,5,5,5,5,4,5,5,5,5,5,5,4,5,5,4,5,6,5,6,6,6,5,5,6,5,5,5,6,5,6,5,5,5,4,4,5,5,6,5,6,5,5,6,6,5,6,6,5,6,5,6,5,5,
NA,Default Response Set,Anonymous,NA,NA,NA,0,3/15/13 11:07,3/15/13 11:09,1,1,NA,24,1,3,1,4,2,2,3,3,2,3,2,2,4,4,4,5,5,3,6,4,3,4,4,5,4,4,3,2,3,4,4,2,5,4,3,3,2,6,3,3,2,4,4,4,5,4,3,4,2,5,5,4,5,5,2,6,3,5,4,4,3,5,5,3,4,4,5,4,4,3,3,5,2,3,4,4,3,3,3,2,4,5,5,4,3,5,3,3,4,4,
NA,Default Response Set,Anonymous,NA,NA,NA,0,3/15/13 10:53,3/15/13 11:09,1,1,NA,24,1,6,1,4,1,1,1,1,1,4,4,7,1,1,1,4,7,7,4,6,4,1,7,4,7,1,1,1,1,7,4,1,1,1,1,1,6,1,4,1,1,1,1,1,1,1,4,6,7,1,1,7,7,4,7,6,1,4,7,1,1,1,1,1,1,1,5,1,1,1,7,1,5,1,6,7,6,7,7,1,1,1,1,6,7,1,1,1,1,1,
NA,Default Response Set,Anonymous,NA,NA,NA,0,3/15/13 10:53,3/15/13 11:10,1,1,NA,37,2,5,1,5,5,3,4,5,6,4,5,6,4,5,5,6,5,6,5,4,3,2,2,1,5,5,4,3,2,1,3,4,4,2,3,6,6,4,5,5,4,5,4,5,3,5,4,5,4,1,5,4,5,4,3,3,3,4,3,4,2,3,4,2,5,3,5,3,4,5,2,1,2,5,3,3,3,4,5,3,5,3,3,6,4,5,2,4,2,3,
NA,Default Response Set,Anonymous,NA,NA,NA,0,3/15/13 11:03,3/15/13 11:10,1,1,NA,30,1,5,1,1,1,1,1,4,1,1,1,1,1,1,1,1,7,6,1,7,5,5,7,1,6,1,1,1,1,6,6,1,1,1,1,1,6,1,1,1,4,1,1,1,1,1,6,7,7,1,1,6,6,4,7,6,1,1,6,1,1,4,1,1,1,2,5,1,2,1,4,1,5,2,6,7,2,1,6,1,1,1,1,6,7,6,1,1,1,1,
NA,Default Response Set,Anonymous,NA,NA,NA,0,3/15/13 10:59,3/15/13 11:10,1,1,NA,39,2,6,1,6,5,4,6,5,7,5,5,7,6,7,5,6,5,7,5,3,3,4,2,3,3,6,5,6,4,3,5,5,5,4,6,5,6,6,5,5,5,5,5,5,5,7,3,5,5,5,5,5,6,5,3,2,3,6,3,5,5,5,6,2,6,5,6,5,6,5,3,6,1,5,2,5,2,5,5,5,5,3,6,4,1,5,5,5,5,2,
NA,Default Response Set,Anonymous,NA,NA,NA,0,3/15/13 11:06,3/15/13 11:11,1,1,NA,23,1,5,1,4,5,4,4,4,4,4,5,4,4,5,5,5,5,6,5,5,4,3,5,3,5,4,5,4,4,5,6,4,4,4,5,4,4,4,4,5,5,5,4,5,5,4,3,5,5,4,4,5,4,4,3,4,4,6,4,5,4,4,4,5,5,4,4,4,4,5,4,4,4,4,5,5,4,6,3,4,5,3,5,4,4,4,4,4,5,3,
NA,Default Response Set,Anonymous,NA,NA,NA,0,3/15/13 11:01,3/15/13 11:11,1,1,NA,34,2,7,1,6,6,5,5,6,6,4,6,6,5,6,6,6,5,6,6,3,2,4,5,3,4,6,6,5,5,2,2,5,5,4,5,5,5,6,6,6,6,5,6,6,5,6,3,3,3,3,6,2,3,3,3,2,6,6,2,6,5,3,5,6,6,6,6,6,6,6,3,4,2,2,3,3,2,6,2,6,6,5,5,3,2,6,5,6,4,2,
NA,Default Response Set,Anonymous,NA,NA,NA,0,3/15/13 10:51,3/15/13 11:11,1,1,NA,31,1,4,1,6,6,1,1,5,6,6,3,6,5,5,6,5,7,7,6,1,1,1,1,1,4,4,4,2,1,4,4,4,5,1,1,4,1,6,5,6,1,5,7,1,1,5,1,7,4,5,5,6,7,4,3,6,1,4,4,4,1,1,5,1,5,4,4,4,5,5,5,1,1,5,1,1,4,5,4,1,5,1,5,3,7,2,5,1,1,4,
NA,Default Response Set,Anonymous,NA,NA,NA,0,3/15/13 10:58,3/15/13 11:12,1,1,NA,21,1,5,1,1,1,1,1,1,1,1,1,1,1,1,1,7,7,1,1,7,7,7,7,7,7,2,1,1,1,7,7,1,1,1,1,1,3,1,1,1,1,1,1,2,3,4,7,7,7,1,1,7,7,6,5,7,1,4,7,1,1,5,2,1,1,1,3,1,3,1,7,1,6,7,7,7,7,1,6,1,1,1,3,6,7,1,1,1,1,1,
NA,Default Response Set,Anonymous,NA,NA,NA,0,3/15/13 11:05,3/15/13 11:12,1,1,NA,21,2,2,1,6,4,6,6,4,6,6,6,6,6,6,5,5,5,5,6,3,4,3,6,5,4,4,5,5,5,4,4,5,6,5,5,5,5,6,5,6,5,5,6,5,5,5,4,4,3,5,5,5,4,6,5,3,6,5,4,6,6,5,6,5,6,6,5,5,6,6,4,4,4,5,3,6,5,5,5,7,5,5,6,3,4,6,5,6,5,5,
NA,Default Response Set,Anonymous,NA,NA,NA,0,3/15/13 11:04,3/15/13 11:12,1,1,NA,22,1,5,1,5,5,3,2,5,6,5,3,4,3,5,4,6,6,5,3,5,3,4,3,5,6,1,5,3,2,7,6,4,3,2,5,5,6,3,5,5,5,6,5,5,3,5,3,5,5,3,4,6,6,3,3,3,5,6,3,5,5,6,5,6,6,4,5,4,5,4,4,5,2,5,3,3,5,6,2,5,6,5,3,2,3,3,5,3,1,3,
NA,Default Response Set,Anonymous,NA,NA,NA,0,3/15/13 11:04,3/15/13 11:12,1,1,NA,30,1,5,1,5,3,2,3,4,5,3,3,5,3,5,3,5,5,6,3,5,4,4,3,3,5,4,3,3,2,5,6,5,3,4,3,5,3,2,5,5,2,5,5,3,5,6,3,6,5,3,3,5,5,4,3,2,2,5,3,2,2,2,6,3,5,5,6,3,5,3,2,3,3,3,3,3,6,4,5,3,6,3,4,5,5,2,2,3,3,2,
NA,Default Response Set,Anonymous,NA,NA,NA,0,3/15/13 10:56,3/15/13 11:12,1,1,NA,21,1,5,1,3,3,2,3,3,5,3,2,5,3,5,3,5,6,5,5,6,4,5,6,5,5,5,2,2,2,5,6,2,5,2,2,3,5,3,3,2,3,2,3,3,2,3,3,5,5,2,3,5,5,3,3,5,2,5,5,3,3,6,5,6,5,5,6,2,5,2,3,2,3,3,3,5,5,6,2,2,6,2,2,3,3,3,5,3,1,1,
NA,Default Response Set,Anonymous,NA,NA,NA,0,3/15/13 10:57,3/15/13 11:12,1,1,NA,19,2,4,1,5,3,3,2,5,5,6,3,5,6,4,5,6,6,7,6,6,3,4,1,5,5,5,5,2,3,4,6,4,4,3,2,2,3,5,3,4,4,4,3,6,2,6,4,6,5,1,4,5,6,4,5,5,2,4,4,3,2,6,5,6,7,4,6,4,4,4,3,5,4,5,4,5,5,6,2,4,6,3,1,2,4,3,5,5,2,6,
NA,Default Response Set,Anonymous,NA,NA,NA,0,3/15/13 11:03,3/15/13 11:12,1,1,NA,18,1,2,1,5,4,5,3,4,5,5,4,5,4,5,4,5,4,5,5,3,3,4,4,4,5,3,3,3,3,4,4,5,5,5,3,3,4,4,4,5,4,5,5,4,5,5,3,3,4,4,4,4,4,5,3,4,3,3,4,4,4,5,5,4,5,4,5,5,5,4,4,3,4,4,5,5,4,4,5,5,5,4,4,5,4,4,3,4,3,4,
NA,Default Response Set,Anonymous,NA,NA,NA,0,3/15/13 10:54,3/15/13 11:12,1,1,NA,35,1,5,1,5,5,4,4,5,6,5,4,5,5,6,4,6,3,4,4,5,4,4,4,4,5,6,5,3,3,4,5,6,3,5,5,4,6,2,6,5,5,5,6,4,5,6,2,6,5,3,4,4,5,5,2,3,4,6,5,5,4,5,6,5,6,6,6,4,6,5,4,5,4,5,2,3,5,6,4,3,5,5,3,2,5,5,2,4,3,6,
NA,Default Response Set,Anonymous,NA,NA,NA,0,3/15/13 11:06,3/15/13 11:12,1,1,NA,19,1,10,1,4,3,4,4,5,4,4,5,4,4,4,4,3,4,4,4,4,4,5,5,4,4,4,4,4,3,5,5,5,4,3,4,4,4,4,5,4,5,5,4,5,4,5,3,5,5,4,3,4,5,4,4,3,5,3,5,4,3,5,4,4,4,4,4,5,4,3,4,3,3,4,3,5,4,4,4,3,5,4,4,4,4,3,4,3,4,4,
NA,Default Response Set,Anonymous,NA,NA,NA,0,3/15/13 11:03,3/15/13 11:12,1,1,NA,22,1,5,1,7,7,1,7,7,7,1,7,7,1,7,7,7,7,7,7,1,7,7,1,1,1,1,7,7,7,7,7,7,7,7,1,7,7,7,7,7,7,7,7,7,1,7,1,7,1,1,7,7,7,1,7,7,7,5,7,7,1,1,7,1,1,7,7,7,7,7,7,1,7,1,1,7,7,7,7,1,7,7,1,7,1,7,7,7,1,1,
NA,Default Response Set,Anonymous,NA,NA,NA,0,3/15/13 11:09,3/15/13 11:13,1,1,NA,20,1,7,1,5,5,3,5,5,5,5,6,5,4,5,5,3,5,4,4,3,2,4,3,3,4,5,5,4,5,4,3,4,5,3,3,3,4,5,5,5,4,5,5,4,5,4,4,3,3,4,3,5,5,5,5,3,4,5,4,4,3,5,5,5,5,4,5,5,5,6,4,5,3,3,3,3,3,5,4,3,5,3,5,3,3,4,5,5,4,4,
NA,Default Response Set,Anonymous,NA,NA,NA,0,3/15/13 11:06,3/15/13 11:13,1,1,NA,30,1,5,1,5,4,3,3,5,5,4,4,5,5,5,5,4,6,5,5,6,3,4,5,6,5,4,5,4,4,3,5,5,4,5,4,5,5,5,5,4,5,5,4,6,4,5,3,4,5,3,5,3,3,2,3,3,4,5,3,4,4,4,5,3,5,5,5,5,6,5,3,3,3,3,3,3,2,5,4,5,5,4,5,3,4,5,5,6,4,3,
NA,Default Response Set,Anonymous,NA,NA,NA,0,3/15/13 11:08,3/15/13 11:13,1,1,NA,28,1,2,1,5,4,6,5,5,4,5,5,5,4,5,6,4,4,5,7,5,4,5,3,4,4,4,5,5,5,4,5,6,5,4,3,4,6,6,5,5,6,5,5,5,5,5,5,5,5,5,6,3,5,4,4,4,3,5,5,7,5,4,5,4,7,6,5,5,4,4,4,5,5,6,4,5,4,6,5,5,5,5,3,5,4,5,4,5,5,3,
NA,Default Response Set,Anonymous,NA,NA,NA,0,3/15/13 11:03,3/15/13 11:13,1,1,NA,27,1,5,1,6,5,5,4,5,6,6,5,5,6,5,6,6,3,6,6,2,3,3,3,2,3,5,5,5,6,3,3,5,6,5,4,5,5,6,5,5,6,5,5,5,5,5,3,3,3,5,5,3,3,5,3,3,5,5,2,5,5,4,6,3,5,5,5,5,5,5,5,5,3,3,3,5,3,6,3,5,5,6,5,2,3,5,6,5,5,5,
NA,Default Response Set,Anonymous,NA,NA,NA,0,3/15/13 11:06,3/15/13 11:13,1,1,NA,29,2,6,1,7,6,6,6,6,7,2,2,6,6,6,6,6,2,6,6,3,2,2,2,2,2,6,6,6,6,3,2,6,7,6,6,6,5,7,6,6,6,6,7,6,2,6,2,2,2,6,5,2,2,3,2,2,6,6,2,7,6,6,6,2,7,6,7,7,6,6,6,2,2,2,2,3,2,5,4,6,6,6,5,4,3,6,4,7,5,5,
NA,Default Response Set,Anonymous,NA,NA,NA,0,3/15/13 11:04,3/15/13 11:13,1,1,NA,23,2,5,1,2,3,2,2,4,1,4,1,2,5,2,4,4,4,4,2,7,2,7,7,7,7,4,5,2,2,4,7,2,4,4,2,5,2,3,3,4,5,1,4,5,2,5,7,5,5,4,4,3,5,2,2,6,2,3,5,4,2,4,3,5,5,5,5,4,4,2,6,6,5,3,6,5,4,2,4,4,6,3,6,5,3,2,4,4,2,2,
NA,Default Response Set,Anonymous,NA,NA,NA,0,3/15/13 10:58,3/15/13 11:13,1,1,NA,26,2,9,1,6,6,6,6,7,7,7,7,7,5,7,7,6,5,7,7,2,2,2,2,1,2,6,4,4,6,2,5,6,5,6,5,6,3,6,6,6,7,6,6,6,5,6,2,6,2,3,6,6,6,3,2,1,3,6,2,7,4,2,6,2,6,6,7,7,6,6,5,3,2,3,2,5,2,6,6,6,7,2,6,6,2,3,2,7,5,1,
NA,Default Response Set,Anonymous,NA,NA,NA,0,3/15/13 11:07,3/15/13 11:13,1,1,NA,26,1,2,1,6,6,5,5,6,6,6,5,6,5,6,6,7,2,6,6,2,3,3,3,3,3,5,5,6,6,2,4,6,5,5,6,6,5,6,6,6,5,5,6,6,5,5,2,2,3,6,5,3,4,3,2,2,6,6,3,6,5,5,6,5,6,6,6,6,6,6,3,6,4,5,2,3,2,7,4,5,6,5,6,3,3,4,6,6,6,5,
NA,Default Response Set,Anonymous,NA,NA,NA,0,3/15/13 11:02,3/15/13 11:14,1,1,NA,20,1,5,1,3,3,2,3,5,3,3,3,3,5,3,5,4,5,4,3,6,3,5,6,4,5,4,3,5,4,5,4,3,5,2,2,3,4,3,3,5,3,3,4,4,5,5,3,5,5,3,2,5,3,5,5,5,2,3,4,4,3,3,4,6,3,5,5,3,5,3,2,4,5,5,5,5,6,4,5,2,4,4,3,6,5,2,3,5,3,3,
NA,Default Response Set,Anonymous,NA,NA,NA,0,3/15/13 11:01,3/15/13 11:14,1,1,NA,43,1,5,1,3,2,2,5,2,3,1,2,3,2,3,3,3,6,3,2,7,6,5,6,6,6,2,2,2,2,6,7,3,2,2,2,3,4,2,3,3,2,3,3,3,2,3,3,6,6,2,2,6,6,6,5,5,3,3,6,2,2,5,2,4,3,4,4,2,3,3,5,3,4,5,5,6,6,5,5,2,4,2,2,4,5,2,2,3,2,2,
NA,Default Response Set,Anonymous,NA,NA,NA,0,3/15/13 10:53,3/15/13 11:14,1,1,NA,29,2,5,1,5,3,5,4,4,5,5,2,5,5,5,5,4,5,5,6,6,5,2,5,3,7,2,4,5,5,5,5,3,2,2,5,3,6,3,4,5,5,5,3,5,3,5,5,5,6,3,5,6,5,3,2,4,5,6,5,3,3,4,4,5,5,5,5,5,5,5,5,5,5,4,5,4,5,6,4,3,6,2,5,2,3,3,5,5,3,5,
NA,Default Response Set,Anonymous,NA,NA,NA,0,3/15/13 11:00,3/15/13 11:14,1,1,NA,54,2,5,1,6,4,5,2,5,4,1,2,5,5,5,5,5,5,5,5,6,5,5,5,6,6,5,3,2,3,5,7,3,3,3,2,5,6,3,5,5,6,6,5,6,3,5,5,5,6,2,3,5,5,2,5,5,2,5,5,2,3,5,5,5,5,6,6,2,6,3,4,5,5,6,5,4,5,7,5,2,6,3,3,3,3,5,3,4,2,5,
NA,Default Response Set,Anonymous,NA,NA,NA,0,3/15/13 11:04,3/15/13 11:14,1,1,NA,25,1,5,1,3,4,4,4,4,5,3,4,4,4,4,4,5,4,5,3,5,4,3,5,3,5,3,5,4,4,4,6,3,3,3,5,3,3,3,4,4,5,4,3,4,4,3,4,6,6,4,4,6,4,6,4,4,4,4,4,4,4,4,4,4,5,4,5,4,4,5,4,3,5,4,4,3,6,5,4,3,4,4,4,4,5,2,4,4,4,2,
NA,Default Response Set,Anonymous,NA,NA,NA,0,3/15/13 11:09,3/15/13 11:14,1,1,NA,24,2,10,1,5,5,5,3,5,5,5,5,5,5,5,5,3,3,5,5,3,3,3,3,3,3,5,5,5,5,3,3,5,5,5,5,6,5,5,5,4,5,5,5,5,5,6,3,4,3,4,5,3,3,3,3,3,5,5,3,5,5,5,5,3,5,5,5,5,5,5,3,5,3,3,3,3,3,5,3,5,5,4,5,3,3,5,5,5,5,4,
NA,Default Response Set,Anonymous,NA,NA,NA,0,3/15/13 10:54,3/15/13 11:15,1,1,NA,24,1,5,1,5,5,2,3,6,3,5,3,6,5,3,3,6,5,5,5,6,2,3,5,3,5,5,2,3,3,5,5,3,3,3,2,2,5,3,5,3,6,2,5,6,3,5,5,6,6,2,3,6,6,5,3,6,2,5,5,3,5,5,5,7,6,3,6,5,6,3,3,2,2,6,5,5,6,6,3,3,5,3,2,5,6,2,2,5,2,2,
NA,Default Response Set,Anonymous,NA,NA,NA,0,3/15/13 10:53,3/15/13 11:15,1,1,NA,61,2,10,1,7,5,4,1,5,7,4,5,7,4,7,6,6,5,7,4,1,1,1,3,1,1,6,4,2,5,4,1,5,5,5,5,6,6,6,6,5,5,5,5,4,4,4,1,1,1,1,5,1,5,1,1,1,3,5,3,5,6,2,5,1,6,5,6,5,5,4,1,3,1,1,2,5,1,5,4,5,5,2,4,3,5,6,4,5,2,3,
NA,Default Response Set,Anonymous,NA,NA,NA,0,3/15/13 11:04,3/15/13 11:15,1,1,NA,52,1,5,1,5,3,2,2,4,5,3,5,5,4,5,4,4,5,5,4,6,5,4,5,2,5,4,2,2,2,6,6,3,3,2,2,3,4,4,2,3,3,4,3,4,2,4,4,6,5,3,3,6,5,5,5,5,2,4,6,3,2,5,5,5,3,4,5,2,3,4,4,2,4,5,5,6,5,4,5,3,5,2,3,5,5,4,2,3,2,2,
NA,Default Response Set,Anonymous,NA,NA,NA,0,3/15/13 11:05,3/15/13 11:15,1,1,NA,36,1,5,1,5,5,4,5,6,5,5,6,5,4,5,5,5,5,6,6,3,3,3,3,3,3,5,4,4,5,3,3,5,6,5,4,5,5,5,5,5,4,5,5,5,4,5,3,4,4,5,4,3,3,3,3,3,5,4,3,4,5,4,5,4,5,5,5,5,5,5,4,5,3,3,3,3,3,5,4,5,5,4,4,3,4,5,2,5,3,3,
NA,Default Response Set,Anonymous,NA,NA,NA,0,3/15/13 11:03,3/15/13 11:15,1,1,NA,34,1,5,1,5,5,5,5,5,6,6,5,6,6,5,5,6,6,6,5,6,6,3,5,6,6,5,5,6,5,4,6,6,7,6,6,5,5,6,6,5,6,5,5,7,4,6,5,6,5,6,5,6,6,5,5,5,5,5,6,5,5,4,5,6,5,5,5,6,6,5,4,6,5,6,6,6,5,6,6,5,5,6,7,5,5,6,5,5,5,5,
NA,Default Response Set,Anonymous,NA,NA,NA,0,3/15/13 11:04,3/15/13 11:15,1,1,NA,21,1,6,1,5,4,4,5,6,5,6,5,6,4,5,5,5,6,6,6,4,4,4,5,5,5,5,3,4,4,4,6,5,4,4,4,6,5,5,5,5,5,5,5,5,5,5,4,5,5,4,5,6,4,4,4,4,5,6,5,5,5,6,6,6,6,6,6,4,6,4,5,5,5,6,3,3,4,6,3,5,6,5,5,3,4,3,6,4,6,6,
NA,Default Response Set,Anonymous,NA,NA,NA,0,3/15/13 11:07,3/15/13 11:15,1,1,NA,23,2,5,1,5,5,3,3,6,5,3,3,6,5,6,5,6,3,5,5,3,3,3,3,5,3,5,6,5,5,3,4,5,6,6,6,3,6,6,5,5,6,6,6,6,5,6,3,5,3,4,6,3,4,3,3,3,6,6,3,5,5,3,5,6,6,5,6,6,7,5,5,6,3,3,3,3,4,7,3,5,6,3,5,2,4,5,6,6,3,1,
NA,Default Response Set,Anonymous,NA,NA,NA,0,3/15/13 11:08,3/15/13 11:16,1,1,NA,22,2,5,1,2,1,1,1,2,5,4,3,4,2,2,1,5,6,6,6,6,2,7,7,6,7,3,4,2,1,5,6,2,2,2,5,4,7,2,1,2,5,1,1,6,2,6,7,7,7,3,3,7,6,4,6,6,2,5,7,2,2,2,3,7,5,3,4,5,2,3,5,2,7,6,7,6,7,7,2,2,4,2,2,3,6,2,2,3,1,2,
NA,Default Response Set,Anonymous,NA,NA,NA,0,3/15/13 11:10,3/15/13 11:16,1,1,NA,28,1,2,1,4,5,5,5,6,5,5,6,6,4,5,5,5,4,5,6,5,3,4,5,4,5,5,5,6,6,6,4,5,5,4,5,5,6,5,5,5,4,6,5,5,6,6,5,6,5,4,5,5,5,4,3,6,5,6,5,5,5,6,5,5,6,5,5,5,6,5,6,6,4,5,3,3,5,6,5,5,5,6,5,6,6,5,4,4,5,6,
NA,Default Response Set,Anonymous,NA,NA,NA,0,3/15/13 11:14,3/15/13 11:16,1,1,NA,30,1,5,1,5,5,5,5,5,5,6,5,5,5,5,5,5,5,4,5,5,5,4,5,5,4,5,6,5,5,4,5,4,5,4,5,6,6,5,5,6,5,4,5,5,5,5,5,5,4,5,4,5,4,4,5,5,5,4,5,5,5,4,5,5,5,4,5,5,4,4,4,4,5,5,4,5,5,5,4,4,5,4,5,4,4,4,6,5,4,6,
NA,Default Response Set,Anonymous,NA,NA,NA,0,3/15/13 11:06,3/15/13 11:16,1,1,NA,29,1,5,1,3,2,1,3,5,4,6,1,3,1,3,3,2,5,4,2,6,6,7,3,6,7,4,2,2,3,6,7,4,1,1,3,4,4,3,4,3,1,3,3,5,4,5,2,6,6,1,1,5,6,3,7,6,3,3,6,4,2,6,4,7,5,5,5,3,5,2,2,2,5,5,6,6,7,2,6,2,2,4,1,7,7,4,1,2,1,2,
NA,Default Response Set,Anonymous,NA,NA,NA,0,3/15/13 11:13,3/15/13 11:17,1,1,NA,26,2,1,1,4,4,5,4,5,4,5,4,5,5,4,4,5,4,5,6,4,4,4,5,4,4,4,4,3,5,4,5,5,4,5,5,4,5,5,4,5,5,3,5,5,5,4,5,5,4,4,5,3,5,4,3,4,5,5,5,5,5,5,5,5,5,6,5,5,5,6,3,5,5,5,6,5,3,5,3,5,5,5,4,5,5,5,3,5,4,5,
NA,Default Response Set,Anonymous,NA,NA,NA,0,3/15/13 11:07,3/15/13 11:17,1,1,NA,31,2,5,1,6,6,7,5,6,6,4,6,5,7,6,5,7,2,6,5,2,2,3,4,3,3,4,6,6,6,1,4,6,7,6,6,5,6,6,7,6,7,5,6,7,4,6,1,2,2,6,6,1,1,1,2,2,6,6,3,6,7,6,6,3,6,6,7,6,6,6,3,6,1,3,2,3,2,5,4,6,7,5,6,2,3,7,5,6,6,6,
NA,Default Response Set,Anonymous,NA,NA,NA,0,3/15/13 11:10,3/15/13 11:17,1,1,NA,34,1,5,1,1,1,1,1,1,1,3,2,1,1,1,1,1,7,4,1,5,6,7,1,1,7,1,1,1,1,7,7,1,1,1,1,1,1,1,1,1,1,1,1,1,1,1,5,6,6,1,1,7,6,7,6,5,1,1,2,1,1,1,1,7,1,1,3,1,1,1,7,1,5,7,6,6,7,1,7,1,1,1,1,7,7,1,1,1,1,1,
NA,Default Response Set,Anonymous,NA,NA,NA,0,3/15/13 11:03,3/15/13 11:18,1,1,NA,33,1,7,1,2,2,2,2,2,2,4,2,5,3,2,2,2,4,2,4,6,5,7,5,6,6,5,2,2,2,6,6,2,2,2,2,2,2,2,2,2,4,3,2,4,2,5,6,6,6,2,3,6,6,6,3,6,2,5,7,2,2,6,2,6,3,2,2,4,5,2,3,2,6,6,6,6,6,5,5,2,5,3,3,3,6,2,3,2,2,2,
NA,Default Response Set,Anonymous,NA,NA,NA,0,3/15/13 11:13,3/15/13 11:18,1,1,NA,22,1,5,1,4,5,5,5,5,5,4,4,4,4,5,5,5,5,4,5,7,5,3,4,5,3,6,5,5,4,2,3,5,5,5,6,5,4,6,5,5,5,5,4,4,2,5,5,4,5,4,4,5,7,4,4,4,5,4,5,5,3,5,5,5,4,6,5,5,5,5,4,5,6,5,5,5,4,6,4,4,5,5,5,6,1,3,4,6,5,6,
NA,Default Response Set,Anonymous,NA,NA,NA,0,3/15/13 11:06,3/15/13 11:18,1,1,NA,55,2,5,1,6,5,5,3,5,5,4,6,6,5,6,5,5,6,7,5,3,2,3,3,3,3,3,5,5,6,2,3,6,6,5,6,6,5,6,6,6,5,6,6,6,4,6,2,3,3,5,5,3,3,3,4,2,5,5,3,5,5,2,6,2,6,6,6,6,4,5,2,3,3,3,2,4,2,5,5,5,6,4,4,3,3,5,3,6,4,3,
NA,Default Response Set,Anonymous,NA,NA,NA,0,3/15/13 11:11,3/15/13 11:18,1,1,NA,32,2,4,1,5,3,1,3,5,5,1,2,4,1,5,4,6,4,4,2,7,4,7,4,6,7,3,3,2,2,7,6,5,4,4,2,4,5,6,4,4,2,5,4,7,4,7,5,5,5,3,1,4,7,7,4,4,1,3,5,7,3,4,5,4,6,7,6,4,6,4,4,5,5,5,5,5,7,4,4,4,6,4,2,4,6,5,1,6,2,5,
NA,Default Response Set,Anonymous,NA,NA,NA,0,3/15/13 11:12,3/15/13 11:18,1,1,NA,28,1,5,1,6,5,5,5,6,5,5,4,6,4,5,6,6,4,2,6,2,2,1,2,1,2,5,5,4,5,2,2,5,6,5,2,5,5,5,6,6,4,6,5,6,4,6,2,2,1,4,5,2,2,1,3,2,5,6,2,5,5,5,6,1,7,5,5,6,7,5,1,5,2,2,2,3,1,6,4,6,7,5,5,2,2,5,5,6,4,6,
NA,Default Response Set,Anonymous,NA,NA,NA,0,3/15/13 11:06,3/15/13 11:19,1,1,NA,21,1,5,1,5,5,4,2,5,5,5,6,6,2,6,5,5,6,5,6,4,4,3,5,3,4,5,2,5,5,5,4,5,4,5,3,6,5,5,5,5,3,5,6,6,5,5,3,5,5,3,3,4,5,5,5,3,5,4,4,5,3,3,5,4,4,5,5,5,6,6,5,4,3,6,5,3,3,5,6,3,3,4,6,6,6,5,5,6,4,4,
NA,Default Response Set,Anonymous,NA,NA,NA,0,3/15/13 11:11,3/15/13 11:19,1,1,NA,19,1,5,1,5,5,3,3,5,5,5,5,6,5,5,5,5,5,7,5,3,3,3,4,3,3,3,5,5,3,3,6,5,4,3,3,5,4,5,5,5,6,5,4,6,3,5,3,3,3,3,5,4,3,3,3,5,3,5,5,5,2,3,5,3,5,5,5,5,5,5,5,5,3,3,3,5,4,5,4,3,5,3,4,3,3,4,3,5,4,2,
NA,Default Response Set,Anonymous,NA,NA,NA,0,3/15/13 11:11,3/15/13 11:19,1,1,NA,28,2,5,1,4,4,1,4,3,5,2,3,3,4,5,6,5,4,5,2,4,6,6,5,6,5,6,4,3,2,4,7,4,5,4,4,4,7,5,5,4,5,5,5,4,4,5,4,5,4,3,5,5,4,5,5,2,4,5,2,6,5,6,5,4,5,5,6,4,5,4,5,4,5,6,5,4,5,5,4,3,4,3,3,6,5,1,2,4,2,6,
NA,Default Response Set,Anonymous,NA,NA,NA,0,3/15/13 11:10,3/15/13 11:19,1,1,NA,24,2,4,1,3,6,6,2,5,3,2,2,3,6,6,3,5,3,5,5,6,2,2,5,6,6,5,3,6,6,2,5,6,6,6,6,6,3,6,6,5,6,6,6,7,5,7,2,5,5,6,5,2,5,1,5,2,6,7,6,6,6,2,6,2,7,5,6,6,7,6,1,6,2,2,2,7,2,7,2,5,7,6,2,2,2,5,6,7,5,7,
NA,Default Response Set,Anonymous,NA,NA,NA,0,3/15/13 10:49,3/15/13 11:19,1,1,NA,23,1,5,1,4,3,3,5,4,6,5,2,4,3,4,4,5,5,6,5,5,4,4,4,4,4,4,2,4,4,5,5,3,2,2,2,3,3,3,4,4,2,4,3,4,3,4,3,5,5,3,4,6,4,5,4,4,3,4,5,4,3,4,5,6,4,4,5,4,5,5,3,3,4,4,4,6,5,4,6,3,4,3,3,5,6,2,2,4,3,2,
NA,Default Response Set,Anonymous,NA,NA,NA,0,3/15/13 11:03,3/15/13 11:19,1,1,NA,33,2,5,1,7,5,3,5,5,7,6,5,7,3,7,5,6,3,6,5,5,3,2,3,2,6,4,5,5,2,5,6,6,2,5,3,5,7,3,5,5,3,6,6,2,6,6,5,6,5,2,5,2,6,5,3,2,5,4,5,5,3,7,6,6,7,6,7,2,6,3,2,7,6,5,5,2,6,6,3,3,7,3,3,3,3,2,5,5,2,6,
NA,Default Response Set,Anonymous,NA,NA,NA,0,3/15/13 11:13,3/15/13 11:19,1,1,NA,26,1,5,1,4,3,3,3,4,4,4,3,4,4,3,3,4,6,6,4,4,2,3,5,4,6,4,4,2,3,2,4,3,3,3,3,4,5,3,2,3,5,2,3,4,3,4,5,2,5,2,5,5,5,4,5,5,3,5,3,2,3,5,3,5,4,4,4,5,3,3,5,2,5,2,4,5,4,5,5,3,3,3,3,3,5,3,2,3,2,5,
NA,Default Response Set,Anonymous,NA,NA,NA,0,3/15/13 11:08,3/15/13 11:19,1,1,NA,27,2,5,1,5,2,2,6,6,6,5,3,5,4,6,6,6,3,5,4,2,5,5,5,3,5,4,3,2,6,3,2,6,6,4,2,5,6,4,6,5,6,5,6,6,2,6,2,5,2,5,5,4,6,2,5,2,3,5,2,6,6,5,3,5,6,5,6,5,6,4,5,5,4,3,4,2,4,6,2,2,6,3,6,3,5,3,5,3,4,3,
NA,Default Response Set,Anonymous,NA,NA,NA,0,3/15/13 11:12,3/15/13 11:19,1,1,NA,24,2,5,1,3,2,3,4,4,2,3,2,2,2,3,3,3,6,4,3,5,6,5,5,5,5,5,3,2,2,6,7,3,2,3,3,3,3,3,3,3,3,3,3,3,2,5,4,6,6,3,3,6,5,6,6,5,3,4,5,3,3,5,4,5,3,3,5,3,3,4,4,2,4,4,5,6,6,5,4,3,5,3,3,4,5,5,3,3,2,3,
NA,Default Response Set,Anonymous,NA,NA,NA,0,3/15/13 11:05,3/15/13 11:20,1,1,NA,55,2,4,1,4,3,3,4,4,4,4,4,4,4,4,4,4,3,5,4,4,3,4,4,4,5,3,4,3,4,5,5,4,3,3,4,5,5,4,4,4,4,4,4,5,4,4,3,4,5,4,4,4,4,4,4,4,4,4,4,4,3,3,4,3,5,4,5,4,5,4,3,4,3,4,4,3,5,5,4,3,5,3,4,4,4,4,3,4,3,4,
NA,Default Response Set,Anonymous,NA,NA,NA,0,3/15/13 11:08,3/15/13 11:20,1,1,NA,21,1,2,1,7,7,7,5,7,7,7,7,7,7,7,7,7,2,7,7,2,2,1,2,1,2,7,7,7,7,1,2,7,7,7,7,7,5,7,7,7,7,7,7,7,7,7,1,2,1,6,7,2,2,1,1,1,7,7,1,7,6,2,6,4,7,7,7,7,7,7,1,5,1,1,1,1,1,7,2,7,7,7,6,1,2,2,6,7,1,6,
NA,Default Response Set,Anonymous,NA,NA,NA,0,3/15/13 11:12,3/15/13 11:20,1,1,NA,30,1,5,1,4,4,3,4,4,4,4,4,5,5,4,5,4,4,4,5,4,4,4,4,4,4,4,5,4,4,3,4,4,4,4,4,4,4,5,4,4,4,4,5,5,4,4,3,4,4,3,4,4,3,3,3,4,4,5,4,4,4,4,4,4,5,5,4,5,5,4,4,3,3,4,5,4,4,5,3,4,5,4,4,3,4,3,4,5,4,4,
NA,Default Response Set,Anonymous,NA,NA,NA,0,3/15/13 11:07,3/15/13 11:20,1,1,NA,54,2,4,1,5,1,1,1,5,5,1,3,5,7,5,3,5,6,5,1,7,2,7,7,3,7,1,7,1,1,6,7,5,3,1,1,7,5,3,6,5,7,5,5,7,2,7,3,5,5,1,7,5,7,1,1,3,2,1,3,1,1,3,5,1,5,5,7,3,7,2,3,2,3,3,3,6,5,3,7,1,5,2,7,7,7,3,1,3,1,3,
NA,Default Response Set,Anonymous,NA,NA,NA,0,3/15/13 10:56,3/15/13 11:20,1,1,NA,37,1,5,1,5,4,4,5,6,4,5,4,5,6,4,4,4,5,6,4,4,3,4,6,5,4,5,4,4,4,4,5,4,4,6,4,5,4,4,6,4,5,5,4,4,4,4,5,5,6,4,4,5,5,3,6,3,5,5,4,4,4,5,6,5,5,4,6,4,4,4,5,4,4,5,4,4,3,6,4,4,6,4,4,4,4,4,4,4,3,4,
NA,Default Response Set,Anonymous,NA,NA,NA,0,3/15/13 10:41,3/15/13 11:21,1,1,NA,26,2,3,1,7,5,7,7,7,7,7,7,7,7,7,7,7,3,7,7,3,3,3,3,3,3,7,7,7,7,1,1,5,7,7,7,6,3,7,7,7,7,7,7,6,7,7,3,1,1,5,7,1,6,1,1,1,7,7,1,7,7,5,7,6,7,7,7,7,7,7,3,7,2,3,7,3,1,7,4,7,7,7,7,1,3,5,7,7,7,6,
NA,Default Response Set,Anonymous,NA,NA,NA,0,3/15/13 11:12,3/15/13 11:21,1,1,NA,29,2,5,1,6,6,6,5,7,6,5,5,5,6,6,6,7,4,7,5,2,2,1,2,2,4,6,6,6,6,2,3,6,7,7,5,5,5,7,6,7,6,6,6,6,6,7,1,2,2,6,6,3,2,3,2,1,6,5,2,7,5,5,6,4,6,7,6,7,6,6,2,5,1,2,1,3,2,6,4,6,6,6,5,3,3,5,5,6,6,3,
NA,Default Response Set,Anonymous,NA,NA,NA,0,3/15/13 11:11,3/15/13 11:21,1,1,NA,30,1,5,1,7,7,3,5,5,7,7,4,7,4,7,7,7,5,7,7,6,1,7,6,4,7,6,7,6,4,4,4,6,7,3,5,5,6,6,7,7,7,3,7,7,6,7,4,6,2,2,7,4,4,1,1,4,5,7,2,7,3,7,7,5,7,5,7,6,6,7,3,5,2,3,4,2,3,7,1,5,7,5,7,1,4,6,7,7,2,3,
NA,Default Response Set,Anonymous,NA,NA,NA,0,3/15/13 11:16,3/15/13 11:21,1,1,NA,26,2,5,1,5,4,4,3,6,5,4,4,4,5,4,5,7,4,5,4,4,3,4,3,2,3,6,6,5,3,2,4,5,5,5,5,6,5,5,7,6,6,6,7,6,2,7,2,2,4,5,6,3,1,2,3,2,5,6,1,4,5,5,7,3,6,7,6,6,5,6,1,5,1,2,3,3,1,4,4,6,6,6,6,4,2,5,2,6,5,7,
NA,Default Response Set,Anonymous,NA,NA,NA,0,3/15/13 11:17,3/15/13 11:21,1,1,NA,22,1,11,1,4,4,4,4,4,4,5,4,4,4,4,4,4,5,5,5,4,4,4,4,4,4,3,4,4,4,5,5,4,3,4,4,4,4,4,4,4,4,4,4,4,4,4,4,5,5,4,4,5,4,4,5,5,4,4,4,4,3,4,4,4,4,4,4,4,4,4,5,3,4,4,4,4,5,5,5,4,5,4,4,4,4,3,3,4,3,4,
NA,Default Response Set,Anonymous,NA,NA,NA,0,3/15/13 11:12,3/15/13 11:22,1,1,NA,30,1,5,1,5,5,3,5,5,6,5,5,6,2,5,5,5,6,6,5,6,2,6,2,5,7,6,4,2,3,4,4,4,3,2,2,5,3,5,4,5,2,4,5,2,4,4,3,6,5,3,2,3,4,6,7,5,2,2,6,3,2,5,5,6,3,5,6,4,2,4,5,3,5,5,6,5,5,2,6,2,2,1,2,7,6,2,1,4,4,2,
NA,Default Response Set,Anonymous,NA,NA,NA,0,3/15/13 11:11,3/15/13 11:22,1,1,NA,30,1,5,1,5,2,3,5,2,5,3,4,4,3,2,5,5,5,5,4,6,4,4,3,2,5,2,4,3,3,6,5,4,3,3,2,5,4,3,3,3,2,5,3,5,2,5,4,5,5,2,2,5,5,3,5,5,2,3,6,3,2,3,5,4,5,2,5,4,3,3,3,2,2,5,6,5,5,5,5,4,4,2,3,5,5,3,2,3,6,3,
NA,Default Response Set,Anonymous,NA,NA,NA,0,3/15/13 11:05,3/15/13 11:22,1,1,NA,44,2,5,1,6,5,5,3,5,5,5,6,5,5,5,5,5,5,6,5,2,3,3,3,3,3,5,5,5,5,3,3,5,5,5,5,5,5,5,5,5,6,5,5,5,5,5,3,3,3,5,5,3,3,3,3,3,5,5,5,5,5,3,5,3,5,5,5,5,5,5,3,5,3,3,3,3,3,5,3,5,5,4,4,3,3,6,4,6,4,3,
NA,Default Response Set,Anonymous,NA,NA,NA,0,3/15/13 11:13,3/15/13 11:22,1,1,NA,29,1,5,1,2,1,1,1,1,2,4,4,2,3,2,2,3,5,7,4,6,5,5,5,6,6,1,2,1,2,6,6,2,2,2,1,2,2,2,2,2,3,1,5,3,2,3,5,5,6,1,2,6,6,5,5,3,1,5,6,2,1,4,6,6,3,6,6,5,5,2,2,1,4,3,6,6,5,6,6,1,4,2,1,5,3,2,2,5,2,1,
NA,Default Response Set,Anonymous,NA,NA,NA,0,3/15/13 11:12,3/15/13 11:22,1,1,NA,50,2,5,1,3,3,3,3,3,5,3,3,5,3,3,2,5,6,6,2,5,3,2,3,1,3,2,2,2,2,5,5,3,5,5,2,5,5,3,3,3,5,3,3,3,2,5,3,3,3,1,3,3,3,3,3,3,2,5,3,3,2,2,5,3,5,3,5,5,5,3,2,1,2,3,2,2,5,5,3,2,5,2,2,3,6,5,1,5,2,1,
NA,Default Response Set,Anonymous,NA,NA,NA,0,3/15/13 11:12,3/15/13 11:23,1,1,NA,66,2,5,1,5,5,3,3,3,5,5,4,5,4,5,5,5,3,5,4,3,2,3,3,3,4,6,3,4,3,4,3,4,5,2,5,4,5,2,4,4,5,1,5,6,4,2,3,5,4,3,5,5,5,2,3,3,4,5,3,5,3,1,2,2,5,5,5,4,4,5,4,2,1,3,3,3,4,7,2,4,4,3,4,1,3,5,4,4,2,5,
NA,Default Response Set,Anonymous,NA,NA,NA,0,3/15/13 11:14,3/15/13 11:23,1,1,NA,37,2,5,1,6,6,5,6,6,6,6,6,6,6,6,6,6,2,6,6,2,2,2,2,2,2,6,5,6,6,2,3,6,6,5,5,6,5,6,6,6,6,6,6,6,6,6,2,2,2,6,6,2,2,2,2,2,6,6,6,6,6,2,6,2,6,6,6,6,6,6,2,5,2,2,2,2,2,6,2,6,6,6,5,2,2,6,5,6,6,6,
NA,Default Response Set,Anonymous,NA,NA,NA,0,3/15/13 10:54,3/15/13 11:23,1,1,NA,20,1,5,1,5,3,2,4,7,5,5,5,5,2,2,3,6,5,5,5,4,3,3,5,5,6,5,2,3,2,3,6,6,5,3,5,5,3,3,5,4,6,5,3,5,3,6,3,6,5,2,5,5,4,3,2,6,4,6,4,4,2,5,4,5,6,6,5,5,6,5,6,3,3,1,6,5,5,6,5,4,6,2,2,2,3,3,5,3,5,2,
NA,Default Response Set,Anonymous,NA,NA,NA,0,3/15/13 11:21,3/15/13 11:23,1,1,NA,56,2,5,1,5,5,5,4,4,4,4,5,5,4,5,5,5,6,5,4,4,5,5,6,4,5,4,5,4,6,6,5,4,6,6,4,6,5,6,4,5,5,5,6,6,5,4,5,4,5,4,5,4,6,5,6,6,4,4,6,5,6,5,5,4,5,5,5,5,4,5,6,5,5,5,4,6,5,5,6,5,6,5,5,5,5,5,5,5,5,5,
NA,Default Response Set,Anonymous,NA,NA,NA,0,3/15/13 11:18,3/15/13 11:23,1,1,NA,26,1,2,1,6,6,6,6,6,6,6,6,7,6,6,5,6,2,7,7,2,3,7,3,3,3,6,6,7,5,2,3,6,6,7,6,6,6,6,6,5,6,6,6,6,6,7,3,5,3,6,6,2,2,6,2,2,6,6,6,6,6,6,6,6,6,6,6,6,6,6,3,6,6,6,2,6,3,6,2,6,6,6,6,2,3,5,6,6,6,6,
NA,Default Response Set,Anonymous,NA,NA,NA,0,3/15/13 11:14,3/15/13 11:23,1,1,NA,30,1,5,1,4,4,4,4,4,4,3,3,3,5,5,4,4,4,4,4,6,3,6,4,5,5,2,5,5,4,5,5,4,5,4,4,4,5,4,4,5,5,5,5,5,4,5,4,4,5,4,5,4,4,3,3,3,6,5,4,4,4,6,4,4,4,5,5,4,4,4,5,5,6,4,3,2,3,5,3,4,5,4,4,3,3,4,3,5,4,6,
NA,Default Response Set,Anonymous,NA,NA,NA,0,3/15/13 11:14,3/15/13 11:24,1,1,NA,46,2,5,1,6,3,4,4,5,5,5,4,5,3,4,4,3,5,5,5,3,3,3,3,2,5,3,4,5,5,5,2,4,5,4,4,5,5,5,4,3,4,2,4,4,3,6,2,5,4,3,5,5,4,3,4,3,5,4,4,3,5,5,5,3,6,4,6,4,5,4,2,4,3,3,4,5,3,6,3,5,4,5,4,4,5,5,2,5,3,4,
NA,Default Response Set,Anonymous,NA,NA,NA,0,3/15/13 11:10,3/15/13 11:24,1,1,NA,43,2,5,1,5,5,5,5,6,5,5,4,5,6,5,5,6,5,6,4,4,3,3,3,4,7,6,6,6,6,3,4,5,5,5,5,6,5,6,5,5,7,6,6,7,5,6,5,3,3,4,6,3,3,1,2,3,3,6,3,5,5,5,5,5,6,6,6,6,6,5,4,6,3,3,3,3,2,7,3,5,6,3,6,2,3,5,6,6,4,4,
NA,Default Response Set,Anonymous,NA,NA,NA,0,3/15/13 11:21,3/15/13 11:25,1,1,NA,20,2,5,1,3,7,7,4,2,6,5,5,3,5,3,3,4,3,4,4,5,3,3,4,6,5,6,3,5,4,5,2,6,5,4,5,4,3,1,1,3,2,6,5,2,4,1,5,6,6,2,3,4,6,5,2,1,5,6,5,6,4,2,3,6,7,5,4,5,2,1,2,4,5,2,3,2,7,7,5,3,5,3,3,4,3,1,5,3,2,5,
NA,Default Response Set,Anonymous,NA,NA,NA,0,3/15/13 11:11,3/15/13 11:25,1,1,NA,21,1,5,1,2,3,3,3,3,2,3,2,3,4,2,3,5,6,5,5,6,6,6,2,5,7,3,2,5,3,6,6,2,3,3,5,3,6,4,3,3,2,3,3,2,2,3,5,6,6,3,2,5,6,4,6,6,2,3,6,3,3,3,5,3,6,6,5,3,6,3,4,3,2,2,5,6,5,3,6,3,6,3,4,6,6,3,2,3,2,3,
NA,Default Response Set,Anonymous,NA,NA,NA,0,3/15/13 11:15,3/15/13 11:25,1,1,NA,28,2,5,1,3,4,4,6,4,5,5,5,4,6,6,7,5,2,4,6,4,3,4,3,3,3,6,4,4,4,3,6,6,5,5,4,5,3,5,5,5,5,5,6,5,4,6,3,4,2,5,5,5,3,2,7,5,4,5,2,4,4,4,7,5,4,7,4,7,3,7,5,4,2,4,3,3,3,6,4,4,5,5,4,3,3,5,4,4,4,2,
NA,Default Response Set,Anonymous,NA,NA,NA,0,3/15/13 11:16,3/15/13 11:25,1,1,NA,51,1,5,1,4,4,4,4,4,4,4,4,4,4,4,4,4,4,4,4,4,4,4,5,4,5,4,4,4,4,4,4,4,4,4,4,4,4,4,5,4,4,4,4,4,4,4,4,5,5,4,4,4,3,4,4,4,4,4,4,4,4,4,4,4,4,5,5,4,4,4,4,4,4,3,3,4,4,4,4,4,4,4,4,4,4,5,4,4,3,4,
NA,Default Response Set,Anonymous,NA,NA,NA,0,3/15/13 11:17,3/15/13 11:25,1,1,NA,63,1,5,1,2,2,1,3,2,5,5,3,4,3,2,2,2,6,6,5,6,5,4,1,1,6,2,2,2,1,7,7,2,3,2,1,2,3,3,2,2,3,4,1,3,2,3,4,7,7,1,3,6,6,5,6,2,1,3,6,2,2,2,3,2,3,1,5,2,2,3,3,2,5,5,6,7,6,4,6,1,4,2,2,5,5,5,4,3,2,2,
NA,Default Response Set,Anonymous,NA,NA,NA,0,3/15/13 11:17,3/15/13 11:25,1,1,NA,22,1,2,1,6,5,6,6,6,6,6,5,5,6,6,7,6,5,7,7,3,4,3,3,3,3,5,5,6,6,2,4,6,5,5,5,3,5,7,6,5,5,3,6,6,5,6,3,4,6,3,6,3,3,3,3,5,4,6,3,6,5,7,6,6,6,5,5,6,6,6,5,5,3,3,3,3,3,5,5,5,5,6,5,3,3,6,6,6,5,5,
NA,Default Response Set,Anonymous,NA,NA,NA,0,3/15/13 11:21,3/15/13 11:25,1,1,NA,28,1,5,1,4,4,5,4,4,4,5,4,6,5,5,5,5,5,4,6,5,4,4,5,4,4,4,5,4,4,4,4,4,4,5,4,5,5,4,4,5,6,5,5,5,4,4,4,4,4,4,4,4,5,4,3,4,4,5,5,5,4,5,5,5,5,4,5,5,4,4,4,5,5,5,5,4,4,5,4,4,4,5,4,5,4,4,4,5,4,3,
NA,Default Response Set,Anonymous,NA,NA,NA,0,3/15/13 11:17,3/15/13 11:26,1,1,NA,25,2,5,1,6,3,2,1,5,6,3,2,6,3,5,5,5,6,5,3,5,3,2,3,2,2,5,3,3,3,3,3,5,5,3,2,5,6,3,5,5,3,5,5,5,5,5,2,5,3,3,2,5,5,5,5,4,3,5,3,5,2,4,4,3,5,4,5,5,6,5,5,4,2,3,3,4,5,3,5,3,5,2,3,5,6,3,3,5,3,2,
NA,Default Response Set,Anonymous,NA,NA,NA,0,3/15/13 11:02,3/15/13 11:26,1,1,NA,30,1,5,1,6,6,6,6,6,6,6,6,6,6,6,6,6,2,6,6,2,2,2,6,2,2,6,6,6,5,2,3,6,6,6,6,6,6,6,6,6,5,6,6,6,6,7,2,2,2,6,5,2,6,3,2,2,5,6,5,6,6,5,6,6,6,6,6,6,6,6,3,6,2,2,2,2,2,6,3,6,6,6,5,2,2,6,5,6,4,2,
NA,Default Response Set,Anonymous,NA,NA,NA,0,3/15/13 11:15,3/15/13 11:26,1,1,NA,24,1,5,1,3,2,2,2,2,6,6,6,6,4,4,2,3,6,6,6,7,4,6,6,6,6,2,2,2,2,6,3,2,3,2,2,2,2,2,2,2,3,3,3,5,2,3,6,6,6,2,3,6,6,4,5,6,2,4,6,2,2,2,3,3,3,3,3,2,2,2,5,2,2,6,5,6,6,5,7,2,4,2,2,6,6,3,2,2,2,2,
NA,Default Response Set,Anonymous,NA,NA,NA,0,3/15/13 11:19,3/15/13 11:27,1,1,NA,32,2,5,1,6,6,6,6,6,6,6,6,6,6,6,6,6,2,6,6,2,1,2,2,2,2,6,6,6,6,2,1,6,6,6,6,6,2,6,6,6,6,6,6,6,2,6,2,6,2,2,6,2,2,2,2,2,6,6,2,6,6,2,6,6,6,6,6,6,6,6,2,6,2,2,2,6,2,6,2,6,6,6,6,5,2,6,2,6,6,7,
NA,Default Response Set,Anonymous,NA,NA,NA,0,3/15/13 11:16,3/15/13 11:27,1,1,NA,22,2,5,1,6,3,2,6,6,6,5,2,6,5,6,5,6,5,6,5,7,3,4,5,2,5,3,2,2,2,6,6,5,5,2,3,6,6,3,3,5,5,6,5,5,3,7,6,2,6,2,7,2,6,5,3,3,3,7,2,5,2,3,5,3,6,6,5,5,6,5,3,2,3,2,5,6,6,7,3,2,6,5,5,2,3,1,5,5,2,5,
NA,Default Response Set,Anonymous,NA,NA,NA,0,3/15/13 11:23,3/15/13 11:27,1,1,NA,19,2,5,1,5,5,5,2,6,5,6,3,5,5,7,6,6,2,5,6,2,2,3,2,2,3,6,6,6,6,2,2,6,5,5,6,5,6,6,6,6,6,5,6,5,6,7,2,2,2,5,6,3,2,2,2,3,5,6,2,6,6,2,5,3,6,7,6,6,5,6,2,6,2,2,2,3,2,6,2,6,6,5,6,2,4,6,6,5,4,5,
NA,Default Response Set,Anonymous,NA,NA,NA,0,3/15/13 11:19,3/15/13 11:28,1,1,NA,34,2,5,1,6,6,6,3,6,6,6,5,6,6,6,6,6,2,6,6,2,2,2,2,2,4,5,6,5,6,2,2,6,6,6,6,6,6,5,6,6,6,3,6,6,2,6,2,2,2,5,6,2,2,2,2,2,6,6,2,6,5,6,6,2,7,6,6,6,6,6,2,6,6,2,2,2,2,6,6,6,6,6,6,6,2,6,2,6,6,7,
NA,Default Response Set,Anonymous,NA,NA,NA,0,3/15/13 11:25,3/15/13 11:28,1,1,NA,25,1,5,1,4,4,4,3,3,4,4,4,5,4,4,4,5,5,5,4,3,4,5,5,3,5,5,5,5,6,4,4,3,2,3,5,6,6,3,6,5,3,5,6,4,6,5,5,5,3,6,6,5,4,5,6,5,5,5,5,5,5,3,6,5,4,4,4,4,4,4,5,5,3,5,3,5,6,5,4,3,3,4,3,4,4,7,6,4,4,4,
NA,Default Response Set,Anonymous,NA,NA,NA,0,3/15/13 11:19,3/15/13 11:29,1,1,NA,20,1,5,1,5,5,1,3,3,5,6,4,5,5,6,5,2,5,7,6,3,3,5,3,5,5,7,5,2,2,2,5,3,3,2,2,3,2,5,4,5,3,5,2,5,2,5,3,6,5,5,6,5,3,3,4,5,2,6,5,3,2,4,2,5,3,5,3,6,7,6,5,3,5,3,5,5,5,5,3,3,5,2,5,3,4,5,5,2,5,1,
NA,Default Response Set,Anonymous,NA,NA,NA,0,3/15/13 11:18,3/15/13 11:29,1,1,NA,27,1,11,1,4,4,4,4,4,4,5,4,5,4,4,4,5,4,6,4,4,4,4,4,4,5,4,4,4,4,4,4,4,4,4,4,4,4,4,4,4,4,4,5,4,4,4,4,4,4,4,4,4,4,4,4,4,4,4,4,4,4,4,4,4,4,4,4,4,4,4,4,1,4,4,4,4,4,4,4,4,4,4,4,4,4,5,4,4,4,1,
NA,Default Response Set,Anonymous,NA,NA,NA,0,3/15/13 11:20,3/15/13 11:29,1,1,NA,24,1,5,1,5,3,2,3,5,5,4,3,4,3,5,4,5,2,4,4,5,4,4,3,5,5,5,4,3,2,5,5,5,4,2,3,4,5,3,4,3,5,5,5,3,4,5,3,5,5,2,4,5,5,3,3,4,4,4,5,4,3,5,4,3,5,5,5,4,5,4,4,3,4,5,5,5,5,5,4,3,5,3,3,4,4,3,3,5,3,3,
NA,Default Response Set,Anonymous,NA,NA,NA,0,3/15/13 11:20,3/15/13 11:29,1,1,NA,23,1,5,1,6,5,6,5,6,5,6,5,5,6,6,5,6,3,6,6,2,2,2,2,2,2,6,6,2,6,2,2,6,5,6,5,5,6,6,5,6,6,5,5,3,6,6,2,2,2,5,6,2,2,2,2,2,6,3,3,6,6,6,6,5,5,6,5,5,6,5,2,6,2,2,2,4,2,3,6,6,5,6,5,3,2,6,3,6,5,5,
NA,Default Response Set,Anonymous,NA,NA,NA,0,3/15/13 11:26,3/15/13 11:29,1,1,NA,21,1,10,1,5,5,5,3,3,5,5,4,3,3,4,5,5,3,6,5,5,3,6,3,5,5,5,3,4,3,5,3,4,3,4,4,5,5,4,5,3,3,5,3,4,5,3,5,4,5,5,3,3,5,3,3,3,5,5,5,3,3,3,3,5,4,3,5,3,6,4,5,5,5,4,5,3,3,5,5,3,3,5,5,3,4,3,5,4,3,4,
NA,Default Response Set,Anonymous,NA,NA,NA,0,3/15/13 11:21,3/15/13 11:29,1,1,NA,42,1,5,1,5,5,3,5,5,6,4,4,5,3,5,5,6,4,6,5,4,3,3,3,2,3,5,5,3,5,3,4,5,4,4,2,4,6,5,4,5,5,6,5,6,1,5,2,3,3,4,4,3,3,2,2,3,4,6,3,5,3,5,4,5,5,4,6,5,5,5,3,2,2,3,4,3,4,4,2,4,4,2,3,4,5,5,2,5,3,2,
NA,Default Response Set,Anonymous,NA,NA,NA,0,3/15/13 11:20,3/15/13 11:29,1,1,NA,31,1,5,1,5,5,5,4,5,4,5,5,6,5,5,5,6,3,5,6,3,3,3,3,3,4,4,5,5,5,3,3,4,5,4,5,4,5,6,5,5,5,5,5,6,5,6,3,4,3,5,5,3,4,3,4,3,5,5,5,5,5,4,5,4,7,5,6,6,5,5,5,5,3,3,5,4,3,7,3,5,5,5,5,3,3,5,5,5,5,3,
NA,Default Response Set,Anonymous,NA,NA,NA,0,3/15/13 11:11,3/15/13 11:30,1,1,NA,24,2,4,1,7,4,4,5,5,7,7,5,7,5,7,4,5,5,7,7,5,1,3,6,1,7,4,5,3,2,4,7,5,5,3,3,4,7,5,5,6,4,7,6,7,7,7,2,7,6,4,4,5,7,5,5,3,7,7,7,5,5,5,4,5,7,7,6,4,4,4,4,7,7,7,5,7,6,5,3,7,7,5,7,7,3,1,2,5,7,5,
NA,Default Response Set,Anonymous,NA,NA,NA,0,3/15/13 11:24,3/15/13 11:30,1,1,NA,20,1,5,1,5,6,6,5,7,6,7,6,6,6,6,7,6,7,6,6,5,6,3,2,7,6,6,6,6,6,1,5,6,7,7,6,6,6,5,6,6,6,6,6,6,7,7,7,6,2,2,5,6,6,7,6,2,6,7,7,6,5,6,7,6,7,7,7,6,7,6,2,6,2,6,2,6,1,6,3,7,3,5,6,6,1,6,6,5,6,6,
NA,Default Response Set,Anonymous,NA,NA,NA,0,3/15/13 11:21,3/15/13 11:30,1,1,NA,58,2,5,1,2,2,2,2,2,2,2,2,4,2,2,2,3,6,5,4,6,4,4,7,5,6,2,2,2,2,6,2,2,2,2,2,3,4,2,2,2,2,2,2,4,3,2,4,6,5,2,2,2,5,5,6,2,2,4,6,2,2,5,2,5,2,2,4,2,2,2,3,2,2,2,6,2,2,5,3,2,3,2,2,4,2,3,2,2,2,1,
NA,Default Response Set,Anonymous,NA,NA,NA,0,3/15/13 11:11,3/15/13 11:30,1,1,NA,32,2,4,1,4,2,2,4,4,4,1,2,5,2,4,4,4,7,4,4,7,4,1,6,7,7,4,3,1,4,7,7,4,3,1,1,4,4,4,1,4,4,4,1,6,2,5,6,7,1,1,4,6,7,4,7,7,1,4,7,1,1,4,1,7,4,4,5,4,6,3,6,1,6,7,6,7,7,5,7,4,5,1,4,7,6,2,1,4,1,1,
NA,Default Response Set,Anonymous,NA,NA,NA,0,3/15/13 11:23,3/15/13 11:31,1,1,NA,22,2,5,1,5,5,5,5,5,5,5,5,5,5,5,5,5,5,5,4,5,5,5,5,3,4,5,5,5,5,3,5,5,5,5,5,5,5,5,5,5,5,5,5,5,5,5,5,5,3,5,5,5,5,2,2,3,5,5,4,5,5,5,5,5,5,5,5,5,5,5,5,5,5,5,5,5,2,5,4,5,5,5,5,5,3,5,5,5,5,6,
NA,Default Response Set,Anonymous,NA,NA,NA,0,3/15/13 11:16,3/15/13 11:31,1,1,NA,52,1,5,1,3,2,2,4,4,4,3,2,4,3,4,2,4,6,5,4,6,5,4,6,4,6,2,3,2,2,7,7,4,2,2,2,2,4,2,4,2,3,4,4,2,2,3,4,6,6,2,3,7,5,6,4,4,2,4,6,3,2,5,4,5,4,4,5,2,4,3,3,2,4,7,5,5,6,4,6,2,5,3,2,4,6,2,2,3,2,2,
NA,Default Response Set,Anonymous,NA,NA,NA,0,3/15/13 11:24,3/15/13 11:31,1,1,NA,23,1,4,1,6,5,5,1,4,5,6,5,6,6,6,5,5,4,5,5,5,4,1,4,2,1,4,5,5,5,3,5,5,5,4,5,5,5,5,5,5,4,5,5,5,6,5,2,4,4,5,6,4,5,2,4,2,6,6,1,5,5,3,6,5,5,7,6,5,6,5,2,2,2,4,1,5,3,6,5,5,5,5,6,5,4,6,3,5,5,5,
NA,Default Response Set,Anonymous,NA,NA,NA,0,3/15/13 11:28,3/15/13 11:31,1,1,NA,30,1,5,1,4,6,5,4,5,4,4,4,4,6,5,5,5,4,3,4,4,6,4,6,5,4,5,5,5,3,3,5,5,5,5,4,6,4,4,3,4,4,5,5,5,4,3,4,3,3,5,6,4,4,5,3,4,4,4,4,4,4,4,4,6,3,4,6,5,5,5,4,4,4,5,5,4,4,4,4,5,5,3,4,5,5,5,3,5,5,6,
NA,Default Response Set,Anonymous,NA,NA,NA,0,3/15/13 11:27,3/15/13 11:31,1,1,NA,23,1,5,1,6,6,4,7,6,7,6,6,6,7,5,6,6,7,6,6,6,6,7,5,7,6,7,5,4,6,2,6,2,6,7,5,7,6,5,5,6,5,3,4,6,5,5,5,6,2,3,6,3,6,7,6,6,5,5,4,7,5,5,6,6,4,4,3,5,7,3,6,5,4,5,7,3,4,6,7,5,4,7,7,5,7,6,6,7,5,6,
NA,Default Response Set,Anonymous,NA,NA,NA,0,3/15/13 11:21,3/15/13 11:31,1,1,NA,42,1,5,1,5,5,5,5,5,5,5,6,5,5,5,5,5,3,6,6,3,2,3,3,3,3,5,5,5,5,3,3,5,5,5,5,5,5,6,5,5,5,5,5,6,5,5,2,3,3,3,5,3,2,2,3,3,5,6,3,5,5,3,5,5,5,5,5,5,5,5,2,5,2,3,3,3,3,6,3,5,6,5,5,3,2,6,5,5,5,5,
NA,Default Response Set,Anonymous,NA,NA,NA,0,3/15/13 11:03,3/15/13 11:31,1,1,NA,25,2,5,1,5,5,5,2,7,6,4,3,6,5,6,5,6,4,5,4,4,3,3,3,3,5,5,4,7,5,5,7,5,6,5,6,6,5,5,6,5,6,6,7,6,5,6,2,2,2,6,5,2,3,2,3,2,5,6,3,5,5,3,6,3,6,6,6,6,6,5,3,5,3,2,4,5,2,6,5,5,5,5,6,2,5,5,6,6,5,5,
NA,Default Response Set,Anonymous,NA,NA,NA,0,3/15/13 11:28,3/15/13 11:32,1,1,NA,26,2,5,1,5,5,5,6,5,5,6,5,6,4,5,6,6,5,4,6,6,4,5,5,5,5,4,6,5,4,5,5,5,6,5,6,4,4,6,4,6,5,5,5,6,4,4,5,5,6,5,6,4,5,5,4,5,6,4,5,5,6,5,4,5,6,5,6,4,4,6,5,5,4,5,5,5,5,5,4,5,6,5,5,4,6,4,3,5,4,5,
NA,Default Response Set,Anonymous,NA,NA,NA,0,3/15/13 10:55,3/15/13 11:32,1,1,NA,41,2,5,1,5,5,5,5,5,5,4,5,5,6,5,6,6,3,5,5,3,3,3,3,3,3,5,6,5,5,3,4,5,5,5,5,4,5,5,5,6,6,6,5,6,5,6,3,3,3,3,6,3,3,2,3,3,5,6,3,5,5,4,5,3,5,5,5,6,6,6,3,5,3,3,3,3,3,6,3,5,6,5,6,2,3,5,5,6,6,5,
NA,Default Response Set,Anonymous,NA,NA,NA,0,3/15/13 11:16,3/15/13 11:32,1,1,NA,24,1,5,1,5,3,3,3,5,5,6,6,5,5,6,3,5,5,6,6,6,3,5,5,3,5,6,3,3,5,5,3,5,6,3,3,5,5,2,5,5,2,3,3,5,2,6,3,5,5,3,3,5,5,5,5,5,3,4,3,5,3,6,4,2,6,4,5,5,5,3,2,3,3,5,3,6,5,5,5,3,5,6,5,5,3,3,3,5,3,2,
NA,Default Response Set,Anonymous,NA,NA,NA,0,3/15/13 11:25,3/15/13 11:33,1,1,NA,20,1,5,1,5,5,5,5,2,6,5,5,7,6,5,6,6,5,7,7,5,4,5,7,6,7,6,5,7,5,5,6,7,5,7,6,5,7,6,7,5,5,2,7,6,7,6,6,6,2,5,5,5,7,6,5,4,7,4,6,6,3,6,6,7,7,7,7,6,5,6,1,5,6,4,7,5,7,6,1,6,7,7,4,5,6,7,7,6,6,7,
NA,Default Response Set,Anonymous,NA,NA,NA,0,3/15/13 11:25,3/15/13 11:33,1,1,NA,26,1,5,1,3,3,3,3,3,3,4,5,4,3,4,3,3,5,5,4,5,4,3,5,4,3,5,3,3,3,4,6,3,3,3,3,3,4,3,3,3,3,3,3,3,3,4,5,3,5,3,3,5,3,5,3,5,3,3,3,3,3,4,3,3,3,3,4,3,4,3,4,3,5,3,5,5,5,4,5,3,4,3,3,5,5,3,3,3,3,3,
NA,Default Response Set,Anonymous,NA,NA,NA,0,3/15/13 11:23,3/15/13 11:33,1,1,NA,53,1,5,1,5,4,5,4,5,5,5,5,5,4,5,5,3,5,6,5,3,3,4,3,4,4,6,4,5,5,3,2,4,5,5,5,5,5,5,5,5,5,5,5,5,5,5,4,3,3,5,4,3,4,4,4,3,5,4,3,4,4,3,5,3,5,5,6,5,6,4,5,5,3,3,3,4,3,4,5,5,5,3,3,5,5,5,3,5,4,3,
NA,Default Response Set,Anonymous,NA,NA,NA,0,3/15/13 11:22,3/15/13 11:33,1,1,NA,20,1,2,1,5,5,3,3,5,5,6,5,6,3,3,3,3,5,6,6,5,4,3,6,5,6,5,3,5,3,3,6,3,3,2,3,2,2,5,3,5,2,5,3,3,3,3,3,6,6,2,3,6,6,3,6,5,6,3,5,5,3,5,5,6,2,5,5,3,5,3,5,3,3,4,5,5,5,5,5,2,5,3,3,4,5,5,3,5,3,3,
NA,Default Response Set,Anonymous,NA,NA,NA,0,3/15/13 11:26,3/15/13 11:34,1,1,NA,27,2,5,1,6,5,6,5,7,5,5,5,5,6,5,5,7,3,6,6,2,2,2,2,3,5,6,6,6,5,2,5,5,6,5,5,6,5,5,6,6,7,5,6,5,5,6,2,3,2,5,7,3,3,1,2,2,5,6,5,5,6,5,6,2,7,6,6,6,6,5,2,6,3,2,2,3,2,7,2,6,6,5,5,2,2,5,5,5,5,3,
NA,Default Response Set,Anonymous,NA,NA,NA,0,3/15/13 11:27,3/15/13 11:34,1,1,NA,23,2,5,1,6,5,5,5,6,6,5,5,6,5,5,5,6,4,6,5,3,3,2,3,2,6,5,5,5,5,3,3,5,5,5,5,5,5,6,5,5,6,5,6,6,6,6,3,2,3,5,5,2,3,2,2,3,3,5,3,5,4,5,6,2,6,6,6,5,6,5,2,5,3,2,3,3,3,6,3,5,5,5,5,3,3,2,5,5,5,5,
NA,Default Response Set,Anonymous,NA,NA,NA,0,3/15/13 11:19,3/15/13 11:34,1,1,NA,19,1,5,1,5,3,2,2,6,4,5,6,6,2,5,4,6,4,6,4,6,3,3,5,4,6,6,4,2,3,6,6,4,1,2,2,2,5,3,4,5,2,2,3,3,5,6,3,7,6,1,4,6,6,6,3,4,2,5,4,4,2,3,5,2,6,5,5,5,6,4,3,2,6,6,3,5,5,4,4,2,4,2,3,4,4,2,2,4,2,5,
NA,Default Response Set,Anonymous,NA,NA,NA,0,3/15/13 11:21,3/15/13 11:34,1,1,NA,36,2,5,1,6,5,6,6,5,6,3,5,5,4,5,5,6,4,6,5,3,4,3,3,3,5,6,6,4,5,4,4,5,4,3,5,6,4,5,6,6,5,6,5,5,6,5,2,5,5,5,5,3,4,3,3,3,5,4,3,6,5,4,5,5,6,5,7,7,5,6,2,5,4,4,3,4,3,4,7,6,6,5,5,4,6,3,4,5,2,6,
NA,Default Response Set,Anonymous,NA,NA,NA,0,3/15/13 11:20,3/15/13 11:34,1,1,NA,22,1,5,1,3,3,2,3,3,4,5,2,4,4,5,3,3,5,5,3,6,3,5,5,5,6,3,5,3,2,5,6,3,2,6,2,2,2,2,5,3,3,3,3,5,2,4,5,6,5,3,6,6,6,3,3,5,2,6,5,3,3,4,3,6,5,3,4,3,2,3,5,3,5,5,3,3,5,4,5,3,5,3,4,5,5,2,3,3,2,2,
NA,Default Response Set,Anonymous,NA,NA,NA,0,3/15/13 11:09,3/15/13 11:34,1,1,NA,27,2,7,1,4,5,2,4,5,4,5,5,6,6,6,5,4,3,6,6,4,6,3,4,7,7,6,6,3,5,5,3,6,6,6,3,5,4,5,3,5,5,4,5,5,6,5,3,5,4,5,7,4,4,2,5,4,3,4,5,2,4,4,4,5,5,5,5,5,5,5,6,6,6,5,6,3,5,7,2,5,7,5,5,2,2,6,7,4,4,5,
NA,Default Response Set,Anonymous,NA,NA,NA,0,3/15/13 11:25,3/15/13 11:34,1,1,NA,25,2,5,1,5,5,3,5,5,5,5,5,5,4,5,5,5,3,5,6,3,3,2,2,2,3,5,5,4,5,3,3,5,5,4,4,3,5,5,5,5,6,5,5,5,5,7,2,3,1,4,5,3,2,3,3,2,4,5,3,5,4,5,5,3,5,5,5,6,6,5,1,6,1,2,3,4,3,5,3,5,6,4,5,3,3,4,5,7,5,3,
NA,Default Response Set,Anonymous,NA,NA,NA,0,3/15/13 11:27,3/15/13 11:35,1,1,NA,23,1,5,1,6,3,2,4,5,4,6,6,6,3,5,5,5,5,6,6,5,3,5,3,3,5,5,5,3,3,5,3,4,3,2,3,5,5,4,3,5,5,3,3,7,3,3,3,5,5,3,5,5,5,3,3,5,3,5,4,5,2,3,5,3,5,3,5,5,5,5,5,2,3,4,3,5,3,5,5,3,5,2,4,3,5,5,3,3,2,3,
NA,Default Response Set,Anonymous,NA,NA,NA,0,3/15/13 11:28,3/15/13 11:35,1,1,NA,25,1,5,1,6,4,3,4,6,6,4,3,4,5,5,5,3,3,5,5,4,3,2,3,4,6,6,4,3,3,3,4,5,4,4,3,5,3,4,5,5,5,5,5,6,4,6,2,3,3,4,3,4,3,4,3,3,3,6,3,4,3,4,6,4,5,5,6,5,5,4,3,5,3,2,2,4,3,6,3,3,4,4,4,3,2,4,4,6,4,4,
NA,Default Response Set,Anonymous,NA,NA,NA,0,3/15/13 11:22,3/15/13 11:36,1,1,NA,32,1,5,1,1,1,1,1,1,1,1,1,1,1,1,1,1,7,1,1,7,7,6,5,7,7,1,1,1,1,1,7,2,1,1,1,2,6,1,1,2,5,2,3,1,1,4,7,7,7,2,4,6,7,7,3,5,1,5,5,1,3,5,1,6,2,2,5,2,1,1,5,2,5,6,7,6,7,7,2,1,5,1,1,1,2,1,7,3,1,1,
NA,Default Response Set,Anonymous,NA,NA,NA,0,3/15/13 11:23,3/15/13 11:36,1,1,NA,29,1,5,1,4,4,3,3,3,4,4,2,4,3,5,2,4,6,5,5,5,3,5,4,5,5,3,3,3,3,6,6,3,2,2,2,4,5,2,3,2,5,5,2,5,3,5,4,6,6,2,5,6,5,6,3,3,2,5,5,3,3,4,3,6,4,4,4,4,6,4,2,2,4,5,5,5,6,6,6,3,5,2,3,3,5,2,3,3,2,3,
NA,Default Response Set,Anonymous,NA,NA,NA,0,3/15/13 11:04,3/15/13 11:36,1,1,NA,28,1,6,1,5,4,3,5,3,5,3,3,6,3,6,3,5,6,5,4,6,5,4,4,3,3,6,3,3,3,5,7,4,6,4,3,5,4,3,5,5,3,5,5,5,3,4,2,4,3,3,4,3,3,3,2,2,3,5,2,3,3,2,4,3,4,4,6,4,5,3,2,3,3,3,2,5,6,6,5,3,6,3,2,5,3,3,3,3,3,3,
NA,Default Response Set,Anonymous,NA,NA,NA,0,3/15/13 11:28,3/15/13 11:37,1,1,NA,38,1,5,1,5,3,3,6,6,5,4,4,5,3,5,4,5,4,6,4,3,3,4,3,4,5,5,3,3,3,3,3,5,6,5,4,6,6,6,6,6,4,5,6,3,5,5,2,3,3,3,3,3,2,3,3,3,3,5,3,5,3,3,5,4,5,6,6,5,5,5,3,2,3,3,2,3,3,5,6,3,5,3,5,3,3,3,3,5,3,4,
NA,Default Response Set,Anonymous,NA,NA,NA,0,3/15/13 11:29,3/15/13 11:37,1,1,NA,63,1,5,1,1,1,1,4,1,1,1,1,1,1,1,1,1,7,2,1,6,6,7,7,4,4,1,1,1,1,6,6,1,1,1,1,1,4,1,1,1,1,1,1,1,1,1,4,6,6,1,1,7,6,4,6,6,1,1,1,1,1,1,1,1,1,1,1,1,4,1,7,1,4,6,6,7,7,1,5,1,1,1,1,6,7,6,1,1,1,1,
NA,Default Response Set,Anonymous,NA,NA,NA,0,3/15/13 11:12,3/15/13 11:38,1,1,NA,25,1,2,1,5,5,5,5,5,6,6,6,5,4,5,5,6,4,6,6,3,3,2,2,2,3,5,5,2,5,3,3,5,4,5,3,6,5,6,5,5,6,6,5,5,4,5,2,2,3,3,4,2,4,3,3,3,5,5,2,5,4,5,6,3,5,5,6,5,5,4,2,5,3,2,3,3,3,5,2,4,6,4,5,3,3,5,4,5,4,3,
NA,Default Response Set,Anonymous,NA,NA,NA,0,3/15/13 11:28,3/15/13 11:38,1,1,NA,27,1,2,1,5,6,2,3,1,4,2,2,5,5,7,7,3,5,7,2,7,1,3,7,6,7,5,7,2,2,6,7,7,3,3,3,3,7,2,3,6,7,3,3,7,3,3,6,5,6,6,7,7,7,3,3,6,2,7,3,3,4,3,3,3,2,2,6,2,3,7,6,3,5,5,5,3,4,7,2,4,7,3,7,2,1,6,7,5,2,5,
NA,Default Response Set,Anonymous,NA,NA,NA,0,3/15/13 11:17,3/15/13 11:38,1,1,NA,62,1,5,1,6,6,5,6,6,6,6,7,6,6,6,7,6,2,6,6,1,1,1,2,4,1,7,5,5,6,1,1,6,6,6,4,6,5,6,6,6,5,6,6,6,6,6,1,1,1,5,6,2,1,1,2,1,6,4,1,6,1,1,6,2,6,6,7,6,6,6,1,4,1,1,2,2,1,4,3,6,5,6,4,5,5,5,1,6,6,5,
NA,Default Response Set,Anonymous,NA,NA,NA,0,3/15/13 11:30,3/15/13 11:40,1,1,NA,29,1,5,1,7,4,3,1,5,7,4,6,7,5,7,5,5,5,7,5,4,3,3,3,2,3,2,3,2,4,2,3,6,6,1,1,7,6,7,5,5,3,4,6,7,2,6,2,3,3,2,6,3,3,3,1,1,2,6,2,5,4,1,6,1,6,5,7,5,4,6,3,1,2,2,3,3,2,7,3,2,6,2,3,3,3,4,4,5,5,1,
NA,Default Response Set,Anonymous,NA,NA,NA,0,3/15/13 11:17,3/15/13 11:40,1,1,NA,54,1,5,1,5,3,2,5,6,6,4,5,7,2,4,2,5,6,6,6,5,2,4,6,3,3,6,2,2,5,6,3,3,7,4,5,6,7,3,5,5,6,6,6,6,2,6,2,6,6,3,5,6,5,5,5,3,3,5,5,3,5,2,6,3,7,6,7,7,6,2,2,1,2,6,5,6,7,7,7,4,7,2,5,6,7,2,1,6,2,1,
NA,Default Response Set,Anonymous,NA,NA,NA,0,3/15/13 11:10,3/15/13 11:40,1,1,NA,26,1,4,1,6,3,2,5,3,2,3,6,3,2,6,6,6,2,5,5,2,2,3,2,2,5,2,5,5,3,3,2,2,6,6,3,3,3,5,6,2,2,6,2,6,2,6,5,5,3,2,2,2,2,6,2,2,3,1,5,6,1,3,6,3,2,5,3,6,3,5,2,5,3,2,3,5,5,5,5,3,3,5,3,3,3,3,3,5,2,2,
NA,Default Response Set,Anonymous,NA,NA,NA,0,3/15/13 11:27,3/15/13 11:41,1,1,NA,22,1,5,1,4,4,2,2,4,6,5,3,5,1,5,4,5,6,4,4,5,4,3,2,3,5,2,2,4,3,3,3,5,4,4,5,5,5,4,4,4,1,5,4,3,4,5,1,4,4,2,1,5,7,4,4,2,2,3,2,4,5,4,5,5,5,6,6,5,5,4,2,5,2,4,3,6,2,5,6,2,5,3,1,6,6,5,1,5,3,2,
NA,Default Response Set,Anonymous,NA,NA,NA,0,3/15/13 11:30,3/15/13 11:42,1,1,NA,26,1,5,1,5,5,4,5,5,5,5,5,5,5,6,6,6,5,4,5,5,5,5,5,3,5,5,6,4,5,5,3,4,5,3,4,5,5,5,6,5,5,5,3,5,5,5,3,3,5,4,4,3,4,4,5,5,5,5,5,5,3,5,5,5,5,5,3,5,5,6,5,6,3,5,3,3,3,5,5,5,5,5,5,3,5,6,7,4,5,6,
NA,Default Response Set,Anonymous,NA,NA,NA,0,3/15/13 11:11,3/15/13 11:42,1,1,NA,22,1,5,1,4,2,4,5,4,4,4,3,4,3,4,3,5,3,6,4,5,3,4,4,4,6,4,5,4,5,5,5,3,5,4,5,6,6,5,5,4,7,3,5,6,4,5,2,2,4,5,4,2,4,3,3,4,5,7,3,4,2,5,4,7,4,4,4,5,6,4,4,4,3,5,5,1,4,6,3,4,4,4,4,3,4,4,4,4,2,3,
NA,Default Response Set,Anonymous,NA,NA,NA,0,3/15/13 11:29,3/15/13 11:43,1,1,NA,28,2,5,1,5,5,3,3,5,5,4,2,6,6,5,5,6,3,6,4,3,1,2,3,2,2,1,6,2,4,5,2,5,6,4,3,3,1,3,5,5,6,4,4,7,3,6,2,3,5,2,6,2,5,1,2,3,3,7,2,5,3,5,6,5,6,4,6,5,6,5,2,6,5,3,3,2,3,7,3,3,7,4,3,1,3,4,5,6,5,2,
NA,Default Response Set,Anonymous,NA,NA,NA,0,3/15/13 11:21,3/15/13 11:43,1,1,NA,33,2,5,1,6,5,6,2,6,7,6,7,6,7,6,5,6,2,7,6,2,2,2,2,2,2,7,6,6,6,2,2,6,6,6,6,5,5,6,6,6,6,5,6,6,6,6,1,2,1,6,6,2,1,2,2,2,6,6,2,6,6,4,6,5,6,6,5,5,6,6,2,6,1,2,2,2,2,5,3,6,6,6,6,3,2,6,4,6,5,6,
NA,Default Response Set,Anonymous,NA,NA,NA,0,3/15/13 11:19,3/15/13 11:44,1,1,NA,58,1,11,1,6,5,4,5,5,6,6,5,6,3,6,5,6,4,6,6,5,2,3,3,2,5,3,4,5,5,3,3,6,5,5,3,5,3,5,6,6,5,6,6,7,5,6,2,3,3,3,5,5,3,2,3,3,3,7,3,6,3,6,5,2,6,7,6,5,6,5,3,5,2,2,3,3,3,6,2,3,6,2,4,2,5,4,5,6,2,5,
NA,Default Response Set,Anonymous,NA,NA,NA,0,3/15/13 11:24,3/15/13 11:45,1,1,NA,60,1,5,1,4,5,6,2,7,5,4,3,6,7,4,5,4,7,7,5,4,5,2,2,2,3,2,5,6,6,1,7,6,6,3,6,7,4,6,7,7,7,5,7,6,2,6,2,2,1,2,7,3,1,1,2,1,5,7,1,4,3,1,7,1,7,7,7,7,6,6,1,2,1,1,1,2,2,7,2,3,6,3,5,2,2,6,2,6,2,3,
NA,Default Response Set,Anonymous,NA,NA,NA,0,3/15/13 11:28,3/15/13 11:45,1,1,NA,47,1,5,1,4,3,2,3,2,3,3,2,5,3,4,3,4,4,5,5,5,3,3,4,6,6,2,3,3,3,6,5,5,1,2,2,3,4,3,5,3,4,4,3,3,3,6,4,6,6,2,5,5,6,4,5,5,3,6,5,2,3,2,3,3,6,5,6,3,6,3,5,5,3,6,4,3,5,5,6,3,5,3,5,5,5,3,3,3,3,6,
NA,Default Response Set,Anonymous,NA,NA,NA,0,3/15/13 11:43,3/15/13 11:53,1,1,NA,24,1,5,1,5,5,3,4,4,5,3,4,6,5,5,4,5,6,6,5,5,2,5,3,4,5,4,5,3,3,6,5,3,3,3,4,4,3,4,4,4,4,4,4,3,4,5,4,5,5,4,3,4,5,5,3,3,3,5,5,4,5,4,5,3,4,4,5,3,5,3,4,5,3,3,4,3,5,5,4,3,4,3,5,4,4,3,3,4,5,2,
NA,Default Response Set,Anonymous,NA,NA,NA,0,3/15/13 11:39,3/15/13 11:53,1,1,NA,23,1,5,1,6,3,2,2,3,6,2,2,3,2,3,2,5,5,3,2,6,2,6,7,6,7,2,2,2,3,6,7,3,3,3,3,5,7,4,3,3,5,3,3,3,2,5,2,6,6,2,3,6,5,3,6,3,3,5,3,3,3,3,3,5,5,3,5,5,5,3,3,2,5,3,5,5,5,5,6,3,3,2,2,5,5,3,3,3,2,3,
NA,Default Response Set,Anonymous,NA,NA,NA,0,3/15/13 11:28,3/15/13 11:57,1,1,NA,62,2,5,1,3,2,1,5,2,2,2,3,5,6,2,2,5,6,6,3,6,5,5,3,5,6,3,5,2,2,5,6,2,3,1,2,2,7,2,2,2,7,5,2,7,2,5,3,6,6,1,6,2,5,2,2,6,6,6,3,2,2,2,3,5,2,2,7,5,5,2,5,3,2,6,5,5,6,6,3,2,6,2,3,2,2,2,5,2,2,2,
NA,Default Response Set,Anonymous,NA,NA,NA,0,3/15/13 11:51,3/15/13 12:00,1,1,NA,29,1,5,1,6,6,5,5,6,5,6,6,5,6,5,6,5,5,7,6,2,2,2,2,2,3,5,5,6,6,2,1,6,6,5,4,4,4,6,5,6,5,5,5,6,4,5,2,3,2,5,5,3,4,2,2,1,5,6,1,6,5,4,6,4,6,6,6,6,7,5,2,4,2,3,2,2,1,4,2,5,5,5,5,3,2,5,4,6,5,5,
NA,Default Response Set,Anonymous,NA,NA,NA,0,3/15/13 11:50,3/15/13 12:02,1,1,NA,29,1,7,1,4,5,4,4,4,5,5,5,5,5,5,5,5,5,5,6,6,3,3,6,3,6,4,4,5,6,3,7,5,5,4,2,5,7,6,5,4,4,5,5,5,6,5,4,5,5,6,6,4,6,4,3,4,3,5,5,5,4,5,4,5,5,5,5,4,5,5,3,6,3,4,3,3,5,5,3,4,6,5,4,3,3,4,4,6,4,4,
NA,Default Response Set,Anonymous,NA,NA,NA,0,3/15/13 11:32,3/15/13 12:13,1,1,NA,42,2,5,1,6,5,6,5,5,5,5,4,5,5,5,5,6,4,6,5,3,1,3,2,1,2,5,5,5,6,2,3,7,6,4,6,6,5,5,5,4,6,5,5,5,5,6,3,2,2,5,5,1,3,1,3,1,5,5,1,5,6,1,6,4,5,5,7,5,7,5,3,5,1,1,1,2,1,5,3,6,6,6,5,1,1,5,4,5,5,6,
NA,Default Response Set,Anonymous,NA,NA,NA,0,3/15/13 12:07,3/15/13 12:15,1,1,NA,28,1,5,1,4,3,3,3,5,3,4,3,4,4,4,4,4,5,6,4,6,4,4,3,5,6,4,5,3,4,3,5,3,3,2,3,3,6,4,3,4,5,3,3,5,4,5,5,6,6,2,5,6,6,3,4,5,3,5,6,4,3,4,3,4,5,4,5,6,5,4,5,3,5,5,5,5,5,6,5,3,5,3,5,3,4,3,5,5,2,2,
