ResponseID,ResponseSet,Name,ExternalDataReference,EmailAddress,IPAddress,Status,StartDate,EndDate,Finished,Description,mturkID,age,sex,ethnicity,country,1,2,3,4,5,6,7,8,9,10,11,12,13,14,15,16,17,18,19,20,21,22,23,24,25,26,27,28,29,30,31,32,33,34,35,36,37,38,39,40,41,42,43,44,45,46,47,48,49,50,51,52,53,54,55,56,57,58,59,60,61,62,63,64,65,66,67,68,69,70,71,72,73,74,75,76,77,78,79,80,81,82,83,84,85,86,87
NA,Default Response Set,Anonymous,NA,NA,NA,0,3/15/13 10:22,3/15/13 10:28,1,1,NA,41,1,10,1,5,5,4,3,5,6,4,5,5,4,6,6,4,4,5,5,3,3,3,3,3,4,3,5,4,4,4,4,4,4,3,4,5,4,4,4,4,4,4,4,5,4,5,3,4,3,4,4,3,4,3,3,3,4,4,4,5,4,3,5,4,6,4,5,4,5,5,4,3,3,3,3,4,3,4,4,4,5,4,4,4,4,5,3,4,4,5
NA,Default Response Set,Anonymous,NA,NA,NA,0,3/15/13 10:23,3/15/13 10:29,1,1,NA,35,2,5,1,3,3,4,5,3,3,3,4,3,5,3,3,3,5,4,4,5,5,3,5,6,6,4,5,3,3,5,5,3,3,3,5,5,5,3,3,5,5,3,3,5,3,4,3,5,5,3,4,4,5,3,5,4,5,3,5,3,3,4,3,5,3,3,4,3,3,3,3,3,5,5,5,3,5,4,4,2,5,3,1,5,3,4,3,3,3,3
NA,Default Response Set,Anonymous,NA,NA,NA,0,3/15/13 10:26,3/15/13 10:31,1,1,NA,29,2,10,1,6,5,5,5,3,5,5,3,7,5,5,5,6,2,7,6,2,3,2,3,3,2,5,5,5,5,3,2,5,5,7,5,7,4,5,5,6,5,5,5,5,6,5,2,2,3,5,6,3,3,3,2,3,5,5,3,5,5,5,5,3,7,5,6,2,5,5,1,4,5,3,3,3,2,7,3,7,5,5,5,4,3,5,5,5,5,6
NA,Default Response Set,Anonymous,NA,NA,NA,0,3/15/13 10:26,3/15/13 10:32,1,1,NA,34,1,5,1,5,5,7,5,7,4,6,5,5,4,7,5,4,3,4,4,3,3,4,5,3,4,6,4,6,5,6,4,5,7,6,5,5,6,5,6,7,6,6,5,3,4,7,5,5,2,3,4,6,7,3,3,5,4,5,4,5,6,3,6,3,5,5,6,4,5,5,4,7,4,4,4,3,3,5,6,5,3,4,5,4,4,6,3,4,5,2
NA,Default Response Set,Anonymous,NA,NA,NA,0,3/15/13 10:28,3/15/13 10:32,1,1,NA,29,1,4,1,3,4,5,3,4,4,4,4,3,5,2,5,3,4,6,3,4,4,4,3,5,3,5,4,3,3,4,3,3,4,3,4,6,5,3,5,2,6,4,3,5,4,4,6,4,3,4,5,3,3,5,3,6,4,4,4,2,3,5,3,2,3,4,5,3,2,3,3,3,4,3,2,5,5,3,3,4,4,4,3,6,5,4,4,4,5,3
NA,Default Response Set,Anonymous,NA,NA,NA,0,3/15/13 10:27,3/15/13 10:33,1,1,NA,42,2,5,1,6,5,5,2,4,6,6,6,6,6,5,6,6,2,7,6,2,1,3,2,2,5,5,5,6,6,1,1,4,6,5,5,7,4,6,5,5,6,4,6,5,2,7,2,2,2,4,6,2,2,2,2,2,6,5,1,5,5,2,5,2,6,6,6,4,5,5,2,5,2,2,2,2,2,4,5,5,5,5,6,3,1,5,3,5,2,3
NA,Default Response Set,Anonymous,NA,NA,NA,0,3/15/13 10:23,3/15/13 10:33,1,1,NA,34,2,5,1,5,6,5,3,6,6,4,3,5,6,5,5,6,3,5,5,3,4,2,3,2,2,5,5,6,5,3,5,6,3,5,5,6,5,5,6,5,5,6,5,5,6,7,2,3,2,4,5,3,2,2,3,2,5,2,2,6,5,2,6,2,6,5,6,6,6,6,2,3,2,2,2,2,3,5,5,5,6,5,4,3,6,5,2,6,5,5
NA,Default Response Set,Anonymous,NA,NA,NA,0,3/15/13 10:26,3/15/13 10:33,1,1,NA,21,1,3,1,5,6,1,1,3,1,1,4,5,5,1,5,5,5,5,4,7,5,3,7,6,7,5,5,5,5,5,6,5,3,1,1,3,3,6,4,5,5,1,1,5,4,6,5,7,7,1,5,7,7,3,5,6,6,4,3,1,1,5,6,7,4,1,5,4,4,4,7,4,6,7,7,6,7,5,7,1,6,3,5,4,4,2,2,5,1,4
NA,Default Response Set,Anonymous,NA,NA,NA,0,3/15/13 10:23,3/15/13 10:33,1,1,NA,30,1,6,1,5,4,2,4,5,5,3,2,7,2,2,3,7,6,4,2,6,4,4,4,3,5,3,4,2,2,7,6,3,1,1,3,1,3,2,2,4,2,5,2,2,5,7,4,6,7,2,4,7,6,5,5,7,2,4,7,2,2,7,5,7,7,5,7,2,5,4,3,5,4,6,6,7,6,7,3,2,4,4,4,3,7,1,2,3,3,1
NA,Default Response Set,Anonymous,NA,NA,NA,0,3/15/13 10:25,3/15/13 10:34,1,1,NA,29,1,5,1,4,3,3,4,7,5,4,5,5,2,3,5,5,6,7,4,5,3,3,4,3,5,3,2,5,3,2,3,5,5,4,3,6,3,5,6,5,2,6,5,5,3,5,3,3,3,3,2,3,3,5,3,3,2,3,3,3,5,1,6,3,6,6,6,6,6,5,2,1,2,3,1,3,3,6,2,3,6,3,2,2,5,5,1,6,2,2
NA,Default Response Set,Anonymous,NA,NA,NA,0,3/15/13 10:24,3/15/13 10:35,1,1,NA,44,2,6,1,6,6,6,6,6,6,5,6,6,6,6,6,6,2,6,5,2,2,2,2,2,3,6,6,6,6,2,2,6,6,6,6,6,7,6,6,6,6,6,6,6,6,6,2,2,2,6,6,1,2,2,2,2,6,6,2,6,6,2,6,2,6,6,6,6,5,6,5,6,2,2,2,2,2,6,2,6,6,6,6,2,1,6,6,6,6,4
NA,Default Response Set,Anonymous,NA,NA,NA,0,3/15/13 10:30,3/15/13 10:35,1,1,NA,37,1,5,1,5,5,4,5,5,5,5,5,5,5,5,5,5,5,4,5,5,5,5,5,5,5,5,5,4,5,5,5,5,4,4,5,4,4,5,4,5,5,5,5,5,5,5,5,5,5,5,4,5,5,5,5,4,5,5,5,5,5,5,5,4,4,5,5,5,5,4,5,5,5,5,4,5,4,5,5,4,5,4,4,5,5,5,5,5,5,5
NA,Default Response Set,Anonymous,NA,NA,NA,0,3/15/13 10:24,3/15/13 10:37,1,1,NA,43,2,5,1,5,6,6,5,6,7,5,7,6,7,6,6,7,3,7,5,4,1,2,2,2,3,7,7,7,6,1,3,6,7,6,7,6,7,7,7,6,7,5,7,7,5,7,3,2,2,7,7,1,2,2,3,2,6,6,2,6,7,5,7,3,7,6,7,7,6,6,1,7,3,2,2,2,2,5,2,6,6,5,5,3,5,7,5,7,6,5
NA,Default Response Set,Anonymous,NA,NA,NA,0,3/15/13 10:23,3/15/13 10:37,1,1,NA,42,1,6,1,3,3,2,4,2,2,2,3,3,3,5,3,3,6,3,3,5,5,5,5,5,5,3,3,2,2,6,5,2,2,3,3,3,5,3,3,2,4,3,2,3,3,3,4,5,5,2,3,6,5,5,5,5,3,4,5,3,2,4,3,4,4,3,3,3,4,3,5,2,4,5,5,5,6,4,5,3,4,2,3,5,5,3,2,3,2,2
NA,Default Response Set,Anonymous,NA,NA,NA,0,3/15/13 10:30,3/15/13 10:38,1,1,NA,22,1,5,1,3,1,3,2,6,1,4,3,4,5,5,5,5,7,7,5,7,2,7,2,6,7,5,5,2,2,7,6,1,3,2,1,5,6,5,5,1,5,3,5,5,1,5,2,6,6,2,5,7,7,4,6,3,1,5,5,2,2,4,7,5,5,7,6,1,6,3,2,1,2,5,2,7,7,7,6,2,6,2,4,6,2,4,1,2,3,7
NA,Default Response Set,Anonymous,NA,NA,NA,0,3/15/13 10:27,3/15/13 10:38,1,1,NA,64,1,5,1,5,5,6,4,5,5,5,5,5,5,5,6,6,2,6,3,4,4,2,5,4,5,5,6,5,5,3,3,5,5,5,6,6,5,6,4,6,5,5,5,5,5,5,2,3,5,5,6,4,2,3,5,2,5,6,3,5,5,5,5,4,5,5,5,5,5,5,5,4,2,3,4,5,2,5,3,5,5,5,5,2,2,5,5,5,4,5
NA,Default Response Set,Anonymous,NA,NA,NA,0,3/15/13 10:26,3/15/13 10:39,1,1,NA,28,1,5,1,5,4,3,2,6,5,5,4,4,2,5,2,2,4,5,4,6,6,5,4,5,5,4,4,4,3,6,7,4,3,2,3,5,5,4,5,4,2,4,5,5,4,6,6,5,5,1,3,5,6,5,3,5,4,5,4,4,4,3,5,3,5,6,6,5,5,4,5,6,6,4,5,6,5,6,5,3,5,2,2,6,4,3,4,6,2,7
NA,Default Response Set,Anonymous,NA,NA,NA,0,3/15/13 10:33,3/15/13 10:39,1,1,NA,24,1,5,1,7,7,7,7,7,7,7,7,7,7,7,7,7,1,7,7,1,1,1,1,1,2,7,7,7,7,1,1,7,7,7,7,7,5,7,7,7,7,7,7,7,7,7,1,1,1,7,7,1,1,1,1,1,7,7,1,7,7,7,7,1,7,7,7,7,7,7,1,7,1,1,1,1,1,7,1,7,7,6,7,1,1,6,7,7,7,6
NA,Default Response Set,Anonymous,NA,NA,NA,0,3/15/13 10:31,3/15/13 10:41,1,1,NA,32,2,5,1,4,4,5,3,3,3,3,4,4,5,5,5,5,3,5,4,6,6,6,5,5,6,4,4,4,4,5,6,3,5,3,4,3,5,3,5,4,5,3,5,5,3,5,5,5,5,4,4,4,5,3,5,5,4,5,5,4,3,5,5,3,4,5,5,4,5,5,5,3,6,4,5,3,5,5,2,3,5,3,5,5,4,5,4,4,3,3
NA,Default Response Set,Anonymous,NA,NA,NA,0,3/15/13 10:28,3/15/13 10:41,1,1,NA,28,2,5,1,6,4,4,1,5,6,4,3,4,5,5,5,7,3,6,4,4,4,3,2,4,4,5,5,5,4,4,4,6,5,5,4,7,7,7,5,4,5,7,7,6,4,7,4,3,3,2,4,4,4,4,4,4,4,5,3,6,5,2,7,3,7,7,7,7,7,5,3,3,5,1,3,5,2,5,3,4,7,2,2,3,4,3,2,6,4,3
NA,Default Response Set,Anonymous,NA,NA,NA,0,3/15/13 10:27,3/15/13 10:41,1,1,NA,26,1,4,1,3,5,4,3,4,5,5,6,3,3,5,4,5,4,6,5,5,3,4,5,5,3,6,6,4,3,5,6,4,4,4,3,4,4,7,4,4,3,4,4,3,3,4,4,5,4,4,4,5,5,6,5,5,3,3,4,5,4,4,4,3,4,4,4,4,6,6,4,4,4,4,5,5,4,5,5,4,5,3,5,5,5,4,2,4,3,2
NA,Default Response Set,Anonymous,NA,NA,NA,0,3/15/13 10:32,3/15/13 10:41,1,1,NA,41,2,4,1,3,3,3,3,5,4,3,3,4,3,3,3,5,3,5,3,5,4,5,4,5,5,3,3,3,3,3,5,3,4,3,3,4,4,3,5,3,3,3,4,3,3,5,3,5,5,3,3,4,5,4,4,4,3,4,3,3,5,4,3,4,5,4,5,5,5,3,4,5,4,3,4,3,5,5,4,4,4,3,3,3,5,5,3,5,3,4
NA,Default Response Set,Anonymous,NA,NA,NA,0,3/15/13 10:31,3/15/13 10:41,1,1,NA,22,2,6,1,5,5,5,2,6,4,5,6,5,3,3,4,6,3,7,6,4,2,3,4,3,4,5,3,4,6,3,5,4,3,4,5,4,5,6,4,6,5,5,5,6,3,5,5,3,4,5,5,3,3,3,2,3,4,6,3,5,3,4,3,2,6,5,6,5,4,6,3,2,3,3,3,3,3,5,4,5,5,3,3,3,3,5,3,6,4,5
NA,Default Response Set,Anonymous,NA,NA,NA,0,3/15/13 10:32,3/15/13 10:42,1,1,NA,34,1,5,1,6,5,5,5,6,5,5,4,5,5,6,5,5,3,5,5,3,3,3,3,2,3,4,5,4,5,3,3,5,5,5,5,6,4,3,5,5,6,6,6,5,5,5,3,2,2,6,6,3,2,2,3,2,5,5,2,5,5,3,5,4,6,5,6,6,5,5,3,4,2,2,3,4,3,4,4,5,5,5,5,3,3,6,5,5,5,3
NA,Default Response Set,Anonymous,NA,NA,NA,0,3/15/13 10:28,3/15/13 10:42,1,1,NA,34,1,5,1,5,5,5,5,6,5,6,5,5,3,6,5,2,5,6,5,5,3,5,2,5,2,5,5,5,5,2,2,5,5,3,5,5,5,5,6,5,3,6,5,6,5,6,2,5,2,3,3,3,5,5,3,6,5,3,5,5,5,5,3,3,6,5,5,5,5,5,2,2,2,2,2,3,2,5,5,5,5,3,3,5,3,5,5,5,2,5
NA,Default Response Set,Anonymous,NA,NA,NA,0,3/15/13 10:23,3/15/13 10:42,1,1,NA,22,1,2,1,2,1,1,1,1,3,4,2,5,1,4,1,1,7,6,6,7,7,7,5,1,7,1,1,1,1,7,6,1,2,1,1,1,1,1,1,1,1,1,1,5,1,1,4,7,7,1,1,7,7,7,7,7,1,1,5,1,1,4,1,4,1,1,5,4,1,1,7,1,1,7,5,7,7,1,7,1,1,1,1,7,7,1,1,1,1,1
NA,Default Response Set,Anonymous,NA,NA,NA,0,3/15/13 10:29,3/15/13 10:43,1,1,NA,54,1,5,1,5,3,2,2,4,5,4,3,3,2,3,3,3,5,4,4,6,5,5,6,5,6,3,2,2,2,6,5,3,2,2,2,3,5,3,3,3,3,3,3,2,3,3,5,6,6,2,2,6,6,6,5,6,2,5,6,3,2,4,3,5,3,3,4,3,4,2,5,2,4,6,5,5,6,2,6,2,3,2,2,6,7,2,1,2,2,2
NA,Default Response Set,Anonymous,NA,NA,NA,0,3/15/13 10:26,3/15/13 10:43,1,1,NA,27,2,5,1,4,4,6,2,6,4,5,6,5,6,4,6,6,4,6,5,6,2,4,2,6,7,5,7,5,5,2,5,4,6,5,4,4,6,6,5,5,7,5,6,7,6,7,2,4,4,4,7,2,3,1,2,2,5,7,2,4,6,5,6,3,6,6,7,6,7,4,2,7,5,3,3,2,2,7,1,4,7,5,5,1,1,5,5,6,2,5
NA,Default Response Set,Anonymous,NA,NA,NA,0,3/15/13 10:40,3/15/13 10:43,1,1,NA,27,1,5,1,4,3,5,5,5,3,3,4,5,5,4,3,5,3,4,3,5,4,5,3,3,5,4,3,3,3,4,5,4,3,4,5,4,3,3,3,5,3,5,3,3,5,5,4,5,3,5,4,3,4,4,5,4,4,5,4,4,3,3,3,4,4,4,5,4,4,4,4,5,5,4,3,5,4,5,3,4,4,5,3,5,5,3,3,5,4,3
NA,Default Response Set,Anonymous,NA,NA,NA,0,3/15/13 10:27,3/15/13 10:43,1,1,NA,31,1,8,1,4,4,3,4,4,4,5,5,4,5,4,5,4,5,5,5,4,2,6,4,5,7,5,3,3,2,4,7,2,2,1,3,3,4,4,4,4,5,4,2,5,2,4,5,7,6,2,6,7,6,2,4,6,2,5,6,4,1,4,6,5,4,2,4,5,5,5,4,2,4,6,6,4,7,5,5,2,4,2,4,2,6,4,3,4,2,2
NA,Default Response Set,Anonymous,NA,NA,NA,0,3/15/13 10:23,3/15/13 10:44,1,1,NA,33,2,6,1,6,7,7,6,6,7,5,7,7,6,7,7,1,1,7,6,2,1,1,1,1,1,6,6,2,7,1,1,5,6,3,6,5,5,6,7,6,7,3,6,6,7,7,3,6,2,7,7,1,1,6,1,2,6,5,6,6,5,6,7,1,2,7,7,7,7,6,1,6,2,1,1,4,1,6,1,6,7,6,6,2,7,6,7,7,7,7
NA,Default Response Set,Anonymous,NA,NA,NA,0,3/15/13 10:34,3/15/13 10:45,1,1,NA,30,1,2,1,2,2,1,2,1,3,2,3,4,1,1,2,2,7,4,3,7,3,6,5,7,7,1,3,1,1,7,7,1,1,2,1,1,5,1,1,2,2,2,1,1,1,1,5,7,5,1,1,7,7,7,6,7,1,2,5,1,1,5,2,7,2,3,5,3,4,1,6,1,3,6,5,7,7,4,7,1,3,1,3,5,7,3,1,2,1,1
NA,Default Response Set,Anonymous,NA,NA,NA,0,3/15/13 10:23,3/15/13 10:46,1,1,NA,40,2,4,1,5,4,5,2,4,5,4,5,4,5,5,5,5,4,5,4,4,3,5,4,3,4,4,4,4,4,4,5,5,4,4,5,5,6,5,5,4,4,4,5,5,4,5,5,5,4,5,5,3,4,3,5,3,4,5,3,5,5,5,4,4,5,5,5,5,4,5,3,4,4,3,2,5,4,5,3,4,5,5,5,4,2,4,2,4,2,3
NA,Default Response Set,Anonymous,NA,NA,NA,0,3/15/13 10:37,3/15/13 10:47,1,1,NA,29,2,6,1,5,5,2,3,5,5,4,4,4,4,5,4,5,3,4,4,5,6,3,3,3,5,4,4,2,3,5,5,3,3,3,3,5,2,5,4,5,4,5,5,6,4,5,2,5,4,3,2,5,3,3,4,3,2,4,3,5,2,2,5,2,5,5,5,5,5,4,4,2,2,4,3,5,5,3,5,2,4,3,4,5,5,4,2,6,3,4
NA,Default Response Set,Anonymous,NA,NA,NA,0,3/15/13 10:31,3/15/13 10:47,1,1,NA,40,1,5,1,5,5,5,4,4,6,5,5,5,4,4,4,4,5,6,6,4,4,5,5,3,5,5,5,5,3,4,5,5,4,4,4,3,5,5,4,5,4,4,4,4,4,4,4,4,5,4,3,5,5,5,4,5,5,5,4,4,2,5,5,4,5,5,6,5,5,5,4,5,2,5,6,5,4,4,5,5,4,4,4,6,5,5,5,4,5,6
NA,Default Response Set,Anonymous,NA,NA,NA,0,3/15/13 10:34,3/15/13 10:47,1,1,NA,45,1,5,1,4,4,3,4,4,4,3,3,4,4,4,5,4,4,5,2,4,3,4,6,4,5,3,5,4,4,4,5,5,4,3,3,4,5,3,5,5,6,3,5,6,4,5,3,3,4,4,5,5,4,2,3,3,3,5,3,4,3,5,4,5,4,4,5,5,4,4,3,4,3,3,3,4,4,5,3,3,5,3,4,3,3,2,5,5,3,3
NA,Default Response Set,Anonymous,NA,NA,NA,0,3/15/13 10:33,3/15/13 10:48,1,1,NA,45,1,5,1,6,6,3,4,7,6,5,3,5,5,6,5,6,3,7,6,2,3,5,3,5,5,5,5,3,3,3,3,6,6,6,5,5,6,6,7,6,5,5,6,5,6,7,2,3,3,3,5,3,5,3,1,2,6,7,3,5,3,3,7,6,7,6,7,5,7,6,2,7,3,3,2,3,2,7,2,3,7,3,3,1,3,1,2,7,5,6
NA,Default Response Set,Anonymous,NA,NA,NA,0,3/15/13 10:42,3/15/13 10:48,1,1,NA,30,2,5,1,6,5,3,4,5,5,6,5,5,4,5,5,6,3,5,5,5,1,3,4,4,5,7,6,3,5,2,3,5,5,3,4,5,5,6,5,5,6,5,5,5,4,7,3,5,5,2,5,3,4,1,4,3,4,5,3,6,4,5,6,6,6,6,6,5,5,6,3,7,3,4,3,3,2,7,1,4,6,6,6,2,3,5,5,5,3,5
NA,Default Response Set,Anonymous,NA,NA,NA,0,3/15/13 10:44,3/15/13 10:49,1,1,NA,19,2,2,1,5,4,5,5,4,5,5,5,5,3,4,7,4,5,5,6,6,6,3,2,5,5,5,5,5,5,4,5,5,5,5,6,5,4,5,5,5,5,5,4,4,5,5,4,4,5,2,5,5,5,5,5,5,7,5,5,5,4,5,6,4,6,6,5,5,4,4,5,5,5,5,6,5,5,5,4,4,5,4,5,4,4,5,4,5,5,5
NA,Default Response Set,Anonymous,NA,NA,NA,0,3/15/13 10:39,3/15/13 10:49,1,1,NA,41,1,5,1,6,2,3,4,5,5,5,4,4,4,6,4,4,4,5,6,3,4,3,2,3,4,2,4,4,5,4,2,5,3,4,4,4,3,4,4,4,4,4,4,4,4,5,3,4,4,4,4,4,3,3,3,3,4,4,4,2,4,3,4,4,4,5,5,4,5,4,4,4,2,2,4,4,4,5,5,4,6,3,4,3,4,3,4,3,3,2
NA,Default Response Set,Anonymous,NA,NA,NA,0,3/15/13 10:37,3/15/13 10:49,1,1,NA,40,2,4,1,7,6,6,6,7,7,6,6,7,7,7,6,6,6,7,6,2,2,3,2,2,3,6,6,6,6,2,2,7,7,6,6,6,5,6,7,7,6,6,6,6,6,7,2,2,2,6,6,2,2,2,3,2,6,6,2,6,7,6,6,3,7,6,7,6,7,7,2,5,2,3,2,3,2,5,2,6,6,6,6,5,5,6,2,7,7,6
NA,Default Response Set,Anonymous,NA,NA,NA,0,3/15/13 10:38,3/15/13 10:50,1,1,NA,49,2,5,1,6,6,6,6,7,2,6,6,6,6,6,6,6,2,7,6,5,4,3,4,3,5,6,6,5,6,3,4,5,3,5,6,6,6,6,6,6,6,6,6,6,5,6,2,2,5,6,5,2,2,3,3,1,6,6,2,6,6,2,6,3,6,6,5,6,6,6,5,6,3,2,2,3,3,6,5,6,6,3,6,2,3,6,5,6,3,2
NA,Default Response Set,Anonymous,NA,NA,NA,0,3/15/13 10:34,3/15/13 10:50,1,1,NA,37,2,5,1,5,5,5,5,6,5,4,3,4,5,6,5,7,2,6,4,5,3,3,2,3,3,4,4,6,5,1,3,6,3,5,5,5,5,7,7,5,5,7,5,6,6,7,2,3,3,2,5,2,3,3,2,2,5,5,2,5,6,5,5,5,7,6,7,6,6,5,2,5,2,3,1,2,2,5,5,5,6,5,3,4,3,6,4,6,5,7
NA,Default Response Set,Anonymous,NA,NA,NA,0,3/15/13 10:39,3/15/13 10:50,1,1,NA,40,2,5,1,6,5,4,5,5,6,4,5,5,6,6,5,6,2,6,5,5,2,2,2,3,4,6,6,5,5,2,5,5,6,5,5,5,4,5,6,5,7,5,5,7,4,6,2,3,2,5,7,2,2,2,2,2,5,3,2,5,5,3,5,3,6,5,6,6,6,5,2,5,1,2,3,2,3,4,5,5,5,5,5,4,4,6,3,6,5,3
NA,Default Response Set,Anonymous,NA,NA,NA,0,3/15/13 10:36,3/15/13 10:50,1,1,NA,51,2,5,1,3,3,3,3,3,3,3,3,5,3,3,3,3,5,5,5,5,5,5,5,5,5,3,3,3,3,5,5,3,5,3,3,5,3,3,3,5,3,3,3,3,3,5,5,5,5,3,3,6,5,5,6,5,3,3,5,3,3,3,3,3,3,3,5,3,3,3,5,3,3,5,5,5,6,5,3,3,5,3,3,5,5,3,3,3,3,3
NA,Default Response Set,Anonymous,NA,NA,NA,0,3/15/13 10:42,3/15/13 10:52,1,1,NA,38,2,4,1,6,5,5,3,5,6,3,5,5,6,6,4,5,5,5,5,7,5,2,6,5,7,3,6,5,2,1,6,7,5,3,3,3,5,5,5,5,6,5,5,7,3,5,3,3,5,3,6,4,7,2,1,3,5,5,5,5,2,7,5,5,7,6,5,5,5,6,3,3,5,3,4,5,4,5,2,5,5,3,3,5,2,5,5,6,2,1
NA,Default Response Set,Anonymous,NA,NA,NA,0,3/15/13 10:44,3/15/13 10:52,1,1,NA,28,2,5,1,5,4,4,4,5,6,4,4,4,5,6,4,6,4,6,4,3,3,5,2,4,4,4,5,5,5,2,3,5,5,4,5,6,7,5,5,5,5,5,5,5,5,6,2,3,3,5,5,4,5,3,2,2,5,5,5,5,4,4,4,5,6,5,6,5,5,5,2,5,2,6,3,3,2,5,2,4,5,4,4,3,3,5,2,5,3,3
NA,Default Response Set,Anonymous,NA,NA,NA,0,3/15/13 10:29,3/15/13 10:52,1,1,NA,31,1,5,1,2,3,2,4,2,2,4,2,4,2,2,2,3,6,4,4,5,6,5,5,4,5,2,2,2,2,5,6,2,4,3,2,4,4,4,4,2,2,4,4,2,2,4,4,4,5,2,2,5,4,4,5,4,3,4,4,2,2,4,4,4,4,4,5,4,2,2,4,2,4,4,4,5,5,4,4,2,5,2,2,4,4,2,4,2,3,2
NA,Default Response Set,Anonymous,NA,NA,NA,0,3/15/13 10:43,3/15/13 10:52,1,1,NA,25,2,5,1,3,5,3,3,3,5,4,5,5,5,3,3,5,5,4,5,3,5,3,3,5,6,5,6,4,5,4,5,5,5,5,2,4,6,2,3,5,6,4,3,2,5,6,3,7,6,3,5,6,4,3,4,6,4,6,3,4,2,2,4,3,5,4,3,3,3,3,5,4,6,4,6,6,4,5,4,3,5,4,6,4,2,4,4,3,6,3
NA,Default Response Set,Anonymous,NA,NA,NA,0,3/15/13 10:39,3/15/13 10:52,1,1,NA,38,2,5,1,2,3,2,4,4,5,3,3,3,2,3,2,5,5,5,4,5,3,4,4,4,5,5,2,3,3,6,5,3,1,2,2,3,6,3,4,3,2,4,2,5,4,6,4,6,5,2,3,5,5,4,4,4,2,4,4,3,2,5,6,5,6,2,6,4,6,3,3,5,4,5,5,5,5,6,6,3,6,3,2,3,5,6,2,3,3,3
NA,Default Response Set,Anonymous,NA,NA,NA,0,3/15/13 10:38,3/15/13 10:52,1,1,NA,26,2,5,1,6,5,5,2,6,6,4,6,6,6,5,6,5,3,7,5,2,2,2,2,2,2,5,6,5,6,2,4,5,6,6,5,6,6,6,6,6,6,3,6,6,3,6,2,3,2,5,6,2,2,2,2,2,6,6,2,6,6,2,6,2,6,5,6,6,6,6,6,3,3,2,2,3,2,5,4,5,2,6,5,3,4,5,5,6,6,3
NA,Default Response Set,Anonymous,NA,NA,NA,0,3/15/13 10:43,3/15/13 10:52,1,1,NA,66,2,5,1,5,5,3,2,5,6,2,3,6,5,6,4,5,5,6,3,3,2,2,2,2,4,2,5,5,5,2,2,5,4,2,5,5,6,5,5,5,6,5,5,6,3,6,2,3,3,3,3,3,4,2,3,2,3,5,2,5,5,2,6,2,6,5,6,5,3,5,2,2,2,3,2,3,3,5,2,5,5,5,3,3,3,5,5,5,2,2
NA,Default Response Set,Anonymous,NA,NA,NA,0,3/15/13 10:39,3/15/13 10:52,1,1,NA,29,2,5,1,5,6,5,5,6,5,6,4,6,6,5,6,6,2,6,6,3,3,2,2,5,3,5,5,6,6,1,2,6,6,6,6,6,5,6,7,6,6,6,6,5,6,6,2,2,2,6,5,2,2,2,3,2,5,6,2,6,6,2,6,3,6,7,6,7,6,6,2,6,2,2,2,3,2,6,2,6,6,6,4,3,2,6,5,6,6,6
NA,Default Response Set,Anonymous,NA,NA,NA,0,3/15/13 10:42,3/15/13 10:53,1,1,NA,54,2,2,1,4,2,2,5,3,4,3,5,5,4,5,4,3,5,6,5,4,4,3,4,2,2,3,4,2,3,5,4,5,3,3,2,3,5,4,4,3,4,4,3,5,3,5,3,3,5,2,4,5,5,5,5,5,3,4,5,3,1,2,4,5,5,4,4,3,3,3,4,3,4,4,3,5,5,5,6,3,5,2,4,5,5,3,3,3,3,1
NA,Default Response Set,Anonymous,NA,NA,NA,0,3/15/13 10:47,3/15/13 10:53,1,1,NA,28,2,5,1,5,5,5,3,6,6,4,4,5,5,5,6,5,2,6,5,3,4,2,3,2,3,5,6,6,5,2,4,5,5,5,5,6,6,5,5,5,5,6,5,5,5,6,2,2,3,5,5,2,2,3,5,2,4,5,2,5,5,4,5,3,6,5,5,5,5,5,3,6,4,3,6,2,2,6,3,4,6,5,5,3,3,5,5,6,5,6
NA,Default Response Set,Anonymous,NA,NA,NA,0,3/15/13 10:44,3/15/13 10:54,1,1,NA,57,2,5,1,4,3,3,3,4,4,3,3,2,4,3,5,3,5,4,3,6,5,4,5,4,5,2,2,4,3,6,5,4,3,3,3,5,6,5,5,4,4,3,4,3,4,6,5,5,5,2,4,5,5,3,4,5,3,5,4,4,3,4,3,3,6,3,6,6,5,4,3,2,5,3,5,6,5,5,4,3,5,3,5,3,5,3,3,6,3,1
NA,Default Response Set,Anonymous,NA,NA,NA,0,3/15/13 10:37,3/15/13 10:54,1,1,NA,52,2,5,1,7,5,2,1,3,6,4,3,6,4,6,5,5,7,6,4,5,2,4,5,6,6,6,5,3,2,3,5,3,5,2,2,1,2,3,2,3,4,3,2,2,3,3,7,6,6,2,2,6,6,4,5,6,2,5,6,2,3,4,1,6,3,3,4,3,4,2,6,3,2,7,3,6,6,6,2,3,6,2,3,2,5,3,4,4,2,5
NA,Default Response Set,Anonymous,NA,NA,NA,0,3/15/13 10:44,3/15/13 10:54,1,1,NA,28,2,5,1,3,3,3,3,3,3,4,3,4,3,3,3,4,5,5,4,5,2,5,3,4,5,5,3,3,3,3,5,3,3,3,3,4,5,5,3,4,3,3,3,3,3,4,3,5,5,2,3,5,5,5,4,5,3,3,5,3,3,3,3,4,3,3,3,3,3,3,3,3,3,5,5,5,5,4,5,3,5,3,3,5,5,3,3,3,3,2
NA,Default Response Set,Anonymous,NA,NA,NA,0,3/15/13 10:40,3/15/13 10:54,1,1,NA,30,1,11,1,5,5,5,5,5,6,5,5,5,5,5,5,5,3,5,5,2,3,2,2,2,2,6,5,5,5,2,2,5,5,5,5,5,3,5,5,5,5,5,5,5,5,6,2,3,3,5,5,2,3,3,2,3,5,5,2,5,5,3,6,3,6,5,6,6,6,6,2,5,2,2,2,3,2,5,3,5,6,5,5,3,3,5,5,6,5,5
NA,Default Response Set,Anonymous,NA,NA,NA,0,3/15/13 10:47,3/15/13 10:55,1,1,NA,26,1,5,1,6,3,2,5,5,5,6,5,6,4,5,5,2,5,5,6,4,5,3,4,3,7,4,3,5,5,6,4,6,4,4,2,4,6,4,5,5,6,5,5,6,5,5,4,6,6,3,4,6,6,3,6,3,4,5,4,5,2,4,4,5,5,5,5,6,6,3,3,3,3,6,4,3,5,6,6,4,6,5,5,3,4,5,6,6,3,4
NA,Default Response Set,Anonymous,NA,NA,NA,0,3/15/13 10:44,3/15/13 10:55,1,1,NA,49,2,5,1,5,5,5,7,7,5,4,5,5,5,6,6,6,2,6,6,3,4,2,5,2,5,7,6,5,6,2,4,6,6,5,5,5,6,7,7,6,6,5,6,6,5,7,2,1,3,5,6,2,3,2,2,2,5,6,2,6,5,5,6,2,6,5,7,7,7,6,3,5,2,3,1,3,2,5,3,6,6,5,5,4,4,5,4,7,5,5
NA,Default Response Set,Anonymous,NA,NA,NA,0,3/15/13 10:44,3/15/13 10:55,1,1,NA,67,1,5,1,6,5,5,6,6,5,6,5,6,3,5,5,5,5,5,5,3,3,3,4,3,3,6,4,5,5,3,2,5,5,4,3,4,5,5,5,5,3,4,6,3,3,5,3,4,3,3,4,5,4,4,5,3,4,6,3,6,4,5,5,6,5,5,6,6,5,5,3,5,2,3,3,3,3,6,5,5,6,5,3,3,4,5,3,6,3,3
NA,Default Response Set,Anonymous,NA,NA,NA,0,3/15/13 10:32,3/15/13 10:55,1,1,NA,35,1,6,1,6,5,6,5,6,6,6,6,6,7,6,5,5,6,6,2,6,5,6,2,6,6,3,6,6,6,6,5,5,5,6,6,5,5,6,6,6,6,6,6,6,2,6,5,6,7,6,5,5,5,2,6,6,4,5,5,5,6,5,3,5,5,6,5,6,6,4,6,6,5,5,6,5,5,6,5,6,6,6,6,2,4,6,2,1,6,5
NA,Default Response Set,Anonymous,NA,NA,NA,0,3/15/13 10:42,3/15/13 10:56,1,1,NA,26,1,5,1,5,5,3,5,3,5,4,3,4,5,5,5,6,5,5,4,4,2,5,4,3,6,2,6,5,5,3,5,3,6,3,3,3,3,6,5,5,6,5,6,5,5,6,5,2,2,3,5,2,3,2,5,2,4,7,3,5,4,6,6,5,7,3,7,6,5,5,3,7,2,1,3,4,3,7,1,4,7,3,6,1,1,3,7,6,6,5
NA,Default Response Set,Anonymous,NA,NA,NA,0,3/15/13 10:33,3/15/13 10:56,1,1,NA,20,1,6,1,4,4,2,3,5,6,6,6,6,3,6,6,5,6,6,6,3,2,2,3,2,3,6,5,2,3,5,2,2,2,2,3,5,4,2,4,3,5,2,3,5,2,5,2,3,6,2,5,3,4,3,3,3,2,2,3,2,5,3,2,5,5,2,5,3,4,6,3,2,5,3,4,4,3,7,6,3,5,3,4,4,3,2,3,2,2,2
NA,Default Response Set,Anonymous,NA,NA,NA,0,3/15/13 10:47,3/15/13 10:56,1,1,NA,21,2,4,1,6,6,3,4,6,6,6,7,4,5,5,5,7,4,4,7,5,3,4,5,4,5,6,4,4,6,5,4,4,3,3,2,4,4,7,5,5,4,4,4,7,2,7,4,5,6,2,4,4,5,4,4,4,3,5,4,6,4,6,6,6,6,6,6,7,7,6,3,4,5,2,3,3,3,3,5,6,5,4,5,6,4,7,2,7,5,6
NA,Default Response Set,Anonymous,NA,NA,NA,0,3/15/13 10:49,3/15/13 10:57,1,1,NA,29,1,5,1,6,3,2,1,5,6,5,5,6,3,5,4,5,7,6,5,5,3,3,5,5,5,6,2,2,2,6,5,3,2,2,3,3,3,1,3,3,2,3,2,2,2,2,4,7,6,2,3,7,7,6,5,5,2,5,6,2,2,3,3,6,2,4,5,2,5,3,3,2,4,3,6,6,6,4,7,2,3,2,3,5,6,2,5,3,2,2
NA,Default Response Set,Anonymous,NA,NA,NA,0,3/15/13 10:47,3/15/13 10:57,1,1,NA,21,1,5,1,2,3,3,3,4,3,3,3,4,3,4,3,4,4,4,4,6,4,5,4,5,6,3,3,3,3,5,5,3,3,3,3,3,4,4,4,3,3,4,3,3,3,4,4,5,5,2,3,5,4,5,5,6,2,4,5,3,3,5,3,4,5,3,4,3,4,3,5,3,4,5,6,4,5,3,5,3,4,4,3,5,5,3,3,4,3,4
NA,Default Response Set,Anonymous,NA,NA,NA,0,3/15/13 10:42,3/15/13 10:57,1,1,NA,35,1,5,1,6,5,3,2,5,5,6,5,5,5,6,5,5,6,6,6,5,3,3,4,3,3,2,5,3,2,5,6,2,3,3,2,3,4,3,3,5,5,3,3,6,3,5,5,6,6,2,5,6,5,4,3,5,2,5,5,5,2,4,5,3,3,4,5,4,4,5,4,2,2,6,5,5,6,6,5,2,4,2,4,3,5,3,3,4,2,2
NA,Default Response Set,Anonymous,NA,NA,NA,0,3/15/13 10:51,3/15/13 10:57,1,1,NA,19,2,5,1,4,5,3,3,6,4,5,3,3,5,5,5,5,5,3,4,5,3,5,6,7,6,3,6,3,3,6,6,5,3,3,3,5,5,5,5,5,3,3,5,5,3,6,4,6,6,3,5,5,5,4,3,4,3,5,5,4,3,3,5,5,6,5,6,6,6,4,4,5,6,5,4,4,5,6,2,4,5,3,5,2,3,4,6,5,3,4
NA,Default Response Set,Anonymous,NA,NA,NA,0,3/15/13 10:46,3/15/13 10:58,1,1,NA,31,1,5,1,5,5,3,2,6,6,6,6,5,5,5,4,5,6,6,6,3,3,5,3,5,3,7,5,5,3,5,5,6,5,2,6,6,5,6,5,5,5,6,6,6,5,6,2,5,3,3,5,6,5,2,3,3,5,6,3,3,2,3,6,2,7,6,6,6,6,5,3,3,3,3,3,5,5,7,4,3,6,3,4,3,3,3,3,6,3,4
NA,Default Response Set,Anonymous,NA,NA,NA,0,3/15/13 10:43,3/15/13 10:58,1,1,NA,29,1,5,1,2,2,2,4,2,5,2,1,2,4,5,2,2,6,3,2,6,3,4,6,2,6,2,1,2,1,6,6,2,2,2,2,2,4,4,2,1,4,2,4,5,1,4,1,6,6,2,5,5,5,6,4,4,1,5,5,1,1,1,2,1,2,2,4,2,2,2,5,1,1,7,7,6,5,5,5,4,4,2,5,3,2,2,3,1,1,1
NA,Default Response Set,Anonymous,NA,NA,NA,0,3/15/13 10:49,3/15/13 10:58,1,1,NA,42,1,5,1,3,3,2,4,5,4,2,2,3,2,4,3,4,5,3,3,5,5,5,5,4,5,2,3,2,2,5,5,4,2,2,2,4,5,3,4,4,2,5,4,3,3,5,3,5,5,2,3,5,5,2,4,3,2,5,4,3,2,5,4,5,5,5,5,3,4,3,3,2,3,5,4,5,5,5,5,2,4,3,3,6,5,3,2,3,2,3
NA,Default Response Set,Anonymous,NA,NA,NA,0,3/15/13 10:43,3/15/13 10:58,1,1,NA,32,2,5,1,7,6,6,5,6,7,6,6,7,6,7,6,7,3,7,7,2,2,1,2,1,2,6,7,5,6,1,2,6,6,5,6,5,6,7,6,6,7,3,6,7,5,7,2,2,2,3,7,2,2,1,1,2,5,7,2,6,6,5,6,5,7,6,7,7,7,6,2,5,3,2,2,3,1,7,3,5,7,5,6,1,2,6,5,7,5,3
NA,Default Response Set,Anonymous,NA,NA,NA,0,3/15/13 10:54,3/15/13 10:59,1,1,NA,19,1,5,1,3,3,3,4,4,4,4,4,1,3,2,3,6,5,5,3,5,3,5,1,5,6,4,2,2,3,3,6,3,2,2,3,2,3,5,3,5,4,4,5,4,2,6,5,3,5,2,3,6,5,4,5,5,2,4,4,3,2,4,5,4,5,5,6,5,6,2,3,3,6,2,6,4,4,5,5,2,4,2,3,5,5,3,3,5,1,5
NA,Default Response Set,Anonymous,NA,NA,NA,0,3/15/13 10:50,3/15/13 10:59,1,1,NA,47,1,5,1,6,5,6,5,5,6,6,6,6,5,6,6,2,4,6,6,5,2,3,6,3,6,6,6,3,4,3,3,3,4,4,3,5,6,5,5,5,6,4,4,5,3,6,6,5,5,4,5,4,3,3,4,4,3,6,2,6,3,5,5,5,6,5,6,3,5,6,6,3,3,2,3,3,5,5,5,3,6,3,3,4,6,6,3,5,2,3
NA,Default Response Set,Anonymous,NA,NA,NA,0,3/15/13 10:31,3/15/13 10:59,1,1,NA,24,2,5,1,5,5,5,5,5,5,5,5,6,5,5,5,5,5,6,5,3,3,3,2,4,3,2,5,5,5,3,6,5,5,5,5,5,5,5,5,5,5,5,5,6,5,5,2,3,3,3,5,3,2,2,3,2,5,5,3,6,3,3,1,2,5,5,5,6,6,3,3,5,3,3,3,4,2,6,3,5,5,5,5,2,3,3,5,5,5,5
NA,Default Response Set,Anonymous,NA,NA,NA,0,3/15/13 10:51,3/15/13 10:59,1,1,NA,24,1,5,1,5,5,2,2,4,5,4,5,5,2,3,4,2,6,6,5,5,3,3,6,2,4,2,2,2,2,5,5,2,2,2,2,5,5,3,2,3,2,4,2,4,2,5,3,5,5,2,2,6,4,4,5,5,2,3,5,4,2,2,2,2,4,2,4,3,4,4,5,2,2,4,5,6,5,4,5,2,4,2,2,6,6,2,2,2,2,2
NA,Default Response Set,Anonymous,NA,NA,NA,0,3/15/13 10:44,3/15/13 10:59,1,1,NA,54,2,5,1,6,6,3,3,6,7,5,3,6,3,5,6,6,6,6,3,3,3,3,2,2,3,5,3,3,5,3,4,6,5,5,5,6,5,5,7,5,5,5,5,6,5,6,2,5,3,2,5,3,5,3,3,3,5,5,3,5,6,3,6,3,6,6,6,5,5,5,3,3,2,3,3,3,3,4,4,3,3,5,1,4,6,5,3,5,3,6
NA,Default Response Set,Anonymous,NA,NA,NA,0,3/15/13 10:51,3/15/13 11:00,1,1,NA,25,1,5,1,4,5,5,5,5,5,6,6,4,6,5,5,5,4,6,6,5,2,5,4,5,5,5,5,5,5,5,5,6,5,5,2,5,5,6,5,6,6,5,4,5,4,6,2,4,3,4,6,4,3,2,4,3,4,5,3,5,5,5,5,4,5,5,6,6,5,6,4,4,4,3,3,4,4,6,3,5,6,4,5,3,4,6,5,6,4,2
NA,Default Response Set,Anonymous,NA,NA,NA,0,3/15/13 10:52,3/15/13 11:00,1,1,NA,22,1,2,1,5,5,6,6,6,6,5,4,5,2,5,6,3,5,5,5,6,5,3,5,2,3,6,6,6,6,2,4,6,5,6,6,6,2,6,5,6,2,6,6,5,2,6,2,2,5,6,5,3,2,5,4,1,5,5,5,6,6,3,5,3,6,5,6,6,6,6,2,6,2,2,2,2,2,6,4,6,6,6,5,4,2,5,2,5,5,5
NA,Default Response Set,Anonymous,NA,NA,NA,0,3/15/13 10:47,3/15/13 11:00,1,1,NA,35,2,5,1,4,3,5,4,5,5,2,1,4,3,4,4,4,5,4,1,6,4,4,4,4,5,4,5,5,2,4,6,3,4,4,5,4,5,1,5,4,6,4,4,6,3,5,3,4,4,4,4,4,1,3,3,1,4,5,4,4,5,4,5,1,5,4,5,5,4,4,3,5,3,4,4,5,4,6,2,5,5,4,5,2,3,3,5,5,4,4
NA,Default Response Set,Anonymous,NA,NA,NA,0,3/15/13 10:37,3/15/13 11:00,1,1,NA,27,2,5,1,4,6,4,6,4,5,6,6,4,5,4,4,4,4,4,3,4,5,5,4,4,5,4,4,4,5,5,4,6,4,5,5,4,5,5,5,4,5,5,4,4,5,4,3,4,4,4,3,5,4,5,5,5,5,4,5,5,5,3,4,6,4,4,5,5,3,5,6,5,5,5,4,4,3,5,4,4,4,5,4,5,5,4,4,5,4,5
NA,Default Response Set,Anonymous,NA,NA,NA,0,3/15/13 10:52,3/15/13 11:01,1,1,NA,32,1,5,1,5,5,5,3,5,5,6,6,5,3,5,5,5,5,5,5,5,4,3,3,3,5,6,3,5,6,3,3,5,5,5,5,5,5,5,5,5,5,5,6,6,5,6,3,3,5,3,5,3,3,5,3,3,5,5,3,5,5,3,5,3,5,5,5,6,6,5,3,5,3,3,3,3,3,5,5,5,6,6,3,5,5,5,3,6,5,5
NA,Default Response Set,Anonymous,NA,NA,NA,0,3/15/13 10:43,3/15/13 11:01,1,1,NA,54,2,5,1,4,6,6,7,6,3,4,2,5,3,3,5,7,3,5,5,2,4,2,4,6,3,3,2,6,5,2,4,6,6,6,7,4,7,5,7,5,5,7,5,5,5,7,1,4,4,7,5,3,2,3,1,1,6,5,2,6,5,7,5,6,7,4,6,5,7,5,1,5,3,3,3,2,2,7,4,6,6,5,2,2,2,5,5,7,4,5
NA,Default Response Set,Anonymous,NA,NA,NA,0,3/15/13 10:56,3/15/13 11:01,1,1,NA,52,1,5,1,6,6,3,2,6,6,3,3,5,6,5,6,6,6,6,4,5,3,2,3,2,5,5,5,5,4,5,6,6,6,5,5,5,6,5,5,6,6,5,5,7,6,6,2,3,3,2,7,4,5,2,2,3,3,6,3,5,5,3,6,3,6,5,6,5,5,5,3,4,2,3,2,3,3,7,2,5,6,5,5,1,2,3,6,5,3,7
NA,Default Response Set,Anonymous,NA,NA,NA,0,3/15/13 10:53,3/15/13 11:01,1,1,NA,28,2,5,1,5,4,2,2,4,6,4,3,4,4,5,5,5,4,5,3,5,4,5,5,2,6,3,3,4,4,5,6,5,3,3,3,4,5,3,5,5,4,4,4,4,4,5,3,5,6,3,5,5,4,3,3,4,3,5,3,4,4,5,5,2,5,5,5,5,5,4,5,4,5,4,4,3,5,4,4,4,5,3,3,4,4,3,3,5,3,5
NA,Default Response Set,Anonymous,NA,NA,NA,0,3/15/13 10:52,3/15/13 11:01,1,1,NA,23,1,6,1,6,6,4,5,4,5,3,2,6,5,5,5,4,5,7,5,5,4,4,5,4,6,3,6,5,4,4,6,5,5,5,5,6,5,6,5,6,6,5,5,7,4,4,4,4,5,5,5,4,5,5,5,5,6,6,3,5,5,5,6,6,5,5,6,5,4,5,5,4,4,5,3,5,4,7,4,5,5,4,5,2,4,1,5,5,3,1
NA,Default Response Set,Anonymous,NA,NA,NA,0,3/15/13 10:48,3/15/13 11:02,1,1,NA,21,1,5,1,7,7,7,1,7,1,6,6,7,7,7,7,7,1,7,5,1,1,1,1,1,5,1,7,7,7,1,4,7,7,7,7,7,5,7,7,7,7,7,7,7,6,7,1,1,1,7,7,1,1,1,1,1,7,7,1,7,7,1,7,1,7,7,7,7,7,7,1,4,1,1,1,1,1,7,4,7,7,7,7,4,4,7,1,7,4,7
NA,Default Response Set,Anonymous,NA,NA,NA,0,3/15/13 10:58,3/15/13 11:02,1,1,NA,24,1,5,1,2,3,5,5,3,3,6,4,3,5,4,5,3,4,3,2,3,6,6,5,2,7,3,4,1,5,5,4,3,4,5,6,6,5,4,4,6,5,2,5,5,5,3,3,4,3,3,5,5,3,4,4,3,4,6,3,3,4,5,2,6,4,4,5,3,5,2,3,3,3,3,5,5,3,6,4,5,4,3,6,2,5,6,6,5,2,4
NA,Default Response Set,Anonymous,NA,NA,NA,0,3/15/13 10:48,3/15/13 11:02,1,1,NA,29,2,5,1,6,5,6,4,6,6,4,4,5,5,5,5,7,5,7,4,3,4,3,3,1,3,6,5,5,5,4,2,5,5,3,7,7,7,6,6,6,5,2,6,6,3,7,3,4,4,4,3,5,4,3,4,3,5,6,3,4,6,7,6,5,7,5,7,5,5,3,2,7,2,5,3,3,2,7,5,5,7,5,4,4,5,4,2,7,4,7
NA,Default Response Set,Anonymous,NA,NA,NA,0,3/15/13 10:46,3/15/13 11:02,1,1,NA,33,1,5,1,6,5,6,5,6,6,5,7,6,5,6,7,6,2,7,6,3,1,2,4,1,6,6,6,6,6,2,5,6,6,5,7,5,7,7,7,6,6,6,7,7,5,6,2,2,2,6,6,2,2,1,3,2,6,5,1,5,5,4,6,2,5,7,6,6,6,5,3,3,3,2,1,3,3,6,3,6,7,5,5,2,3,6,5,6,6,3
NA,Default Response Set,Anonymous,NA,NA,NA,0,3/15/13 10:56,3/15/13 11:02,1,1,NA,26,2,5,1,3,4,7,5,4,5,4,4,4,7,6,5,5,4,4,4,4,4,4,4,5,5,1,1,4,4,4,4,7,4,4,4,7,7,4,4,3,4,3,4,4,7,7,5,7,4,3,4,7,5,4,4,4,4,4,2,5,4,4,4,4,4,7,4,4,3,5,4,5,4,4,4,4,4,5,4,3,4,4,4,3,6,4,4,5,3,4
NA,Default Response Set,Anonymous,NA,NA,NA,0,3/15/13 10:57,3/15/13 11:03,1,1,NA,23,2,5,1,4,2,3,3,5,7,4,4,5,5,5,4,4,4,5,6,4,4,4,3,4,5,5,4,3,4,4,4,4,4,4,2,4,2,4,4,5,6,3,4,5,2,5,3,4,4,1,5,3,4,2,4,5,3,5,5,4,1,2,5,2,2,4,5,2,4,5,4,4,3,3,4,5,3,6,3,2,5,3,2,3,3,5,4,5,4,3
NA,Default Response Set,Anonymous,NA,NA,NA,0,3/15/13 10:58,3/15/13 11:03,1,1,NA,30,2,5,1,4,3,4,4,5,4,5,5,5,5,4,5,5,4,5,5,4,5,4,3,4,5,4,4,4,5,4,4,4,5,4,4,4,4,5,4,4,5,5,4,4,4,4,5,5,4,4,5,4,4,5,4,4,4,4,4,4,4,4,5,5,5,5,4,4,4,4,4,3,4,3,5,4,4,5,5,5,5,5,4,4,4,4,5,5,3,4
NA,Default Response Set,Anonymous,NA,NA,NA,0,3/15/13 10:55,3/15/13 11:03,1,1,NA,24,1,5,1,3,2,3,3,3,3,3,3,3,3,3,3,3,5,3,3,5,5,5,5,5,5,3,3,3,3,5,5,3,3,3,3,3,3,3,3,3,3,3,3,3,3,5,3,5,5,3,3,5,5,5,5,5,3,3,3,3,3,5,3,6,3,3,3,3,3,3,5,3,3,3,5,5,5,2,5,3,3,3,3,5,5,3,2,3,3,3
NA,Default Response Set,Anonymous,NA,NA,NA,0,3/15/13 10:47,3/15/13 11:03,1,1,NA,27,1,2,1,5,5,4,4,4,6,5,6,5,6,5,4,5,6,7,5,4,3,3,3,3,4,5,4,4,4,5,4,4,3,3,5,4,5,4,4,4,4,5,4,5,3,5,3,5,6,3,4,5,4,3,5,5,3,7,4,5,6,5,6,3,5,4,5,5,6,5,5,5,3,4,5,5,5,5,5,4,5,4,5,3,4,4,3,4,3,3
NA,Default Response Set,Anonymous,NA,NA,NA,0,3/15/13 10:54,3/15/13 11:04,1,1,NA,60,2,5,1,6,6,5,4,6,6,6,5,6,5,6,6,6,2,6,5,2,2,2,2,2,2,6,5,6,6,2,2,6,6,6,5,5,6,6,6,6,5,6,6,6,5,6,2,2,2,4,6,2,2,2,2,2,6,6,2,6,5,3,6,3,6,6,6,6,6,6,2,5,2,2,2,2,2,6,2,6,6,5,4,2,2,5,5,6,5,6
NA,Default Response Set,Anonymous,NA,NA,NA,0,3/15/13 10:57,3/15/13 11:04,1,1,NA,23,1,5,1,5,2,2,2,2,5,3,2,4,2,3,2,2,5,6,3,6,6,5,6,5,6,2,2,2,2,7,6,2,2,2,2,2,2,2,2,2,2,2,2,2,2,2,5,6,7,2,2,7,6,6,6,6,2,2,6,2,2,5,5,6,2,2,5,2,2,2,5,3,3,6,6,6,6,2,6,2,5,3,2,6,6,3,2,2,2,3
NA,Default Response Set,Anonymous,NA,NA,NA,0,3/15/13 10:58,3/15/13 11:04,1,1,NA,33,2,5,1,5,6,4,5,2,3,4,5,3,3,6,5,4,2,3,7,3,6,5,5,5,5,2,6,3,4,5,4,3,5,5,4,4,5,4,5,3,3,3,2,2,2,4,3,6,4,4,4,5,2,6,3,2,5,5,4,2,3,3,3,4,4,3,3,5,6,2,5,5,5,2,6,3,6,5,2,3,2,3,2,3,4,2,2,2,3,5
NA,Default Response Set,Anonymous,NA,NA,NA,0,3/15/13 10:57,3/15/13 11:04,1,1,NA,29,2,5,1,6,6,5,6,6,5,7,7,6,4,5,5,5,5,7,7,1,4,2,3,2,1,6,5,4,7,2,3,5,6,4,4,5,5,6,5,6,5,5,6,4,6,6,2,3,3,6,4,4,6,5,5,2,7,5,4,6,5,5,6,4,4,6,6,7,5,5,5,7,5,6,2,3,5,4,4,5,5,4,5,5,5,6,4,5,6,5
NA,Default Response Set,Anonymous,NA,NA,NA,0,3/15/13 10:55,3/15/13 11:05,1,1,NA,20,1,5,1,6,6,7,6,7,5,6,1,4,6,6,7,6,2,7,7,2,3,1,1,2,4,7,6,7,6,2,2,7,4,6,7,5,4,6,7,7,7,5,7,7,7,6,2,2,2,6,7,1,2,2,1,7,7,7,2,7,7,3,7,6,7,6,7,6,7,7,2,6,4,3,2,2,1,7,1,7,7,7,7,1,2,6,7,7,7,6
NA,Default Response Set,Anonymous,NA,NA,NA,0,3/15/13 10:54,3/15/13 11:05,1,1,NA,35,2,7,1,7,7,7,7,1,7,7,7,7,7,7,7,7,1,7,7,4,1,1,7,1,4,7,7,7,5,1,7,7,7,7,7,7,1,7,7,7,7,1,7,7,7,7,1,1,1,7,7,1,1,1,1,1,7,7,1,7,7,7,1,7,7,7,7,7,5,7,6,1,1,4,1,1,1,7,7,7,7,7,7,7,1,7,1,7,1,1
NA,Default Response Set,Anonymous,NA,NA,NA,0,3/15/13 10:30,3/15/13 11:05,1,1,NA,28,2,4,1,6,3,5,6,6,6,3,3,6,5,5,5,6,5,6,4,5,5,5,5,3,5,5,2,3,3,3,5,5,6,2,2,6,2,3,5,5,6,3,5,6,5,3,3,5,5,3,3,5,5,2,6,3,3,5,3,3,5,2,6,5,5,6,7,6,7,5,3,1,1,3,2,7,5,2,6,5,3,5,2,7,6,3,2,7,5,3
NA,Default Response Set,Anonymous,NA,NA,NA,0,3/15/13 10:46,3/15/13 11:05,1,1,NA,21,1,5,1,7,5,5,3,7,7,4,7,7,5,7,7,5,1,7,4,1,1,1,1,1,1,4,5,5,5,1,1,6,6,5,5,7,5,5,6,5,5,6,7,4,4,5,1,1,1,4,5,1,1,1,1,1,5,7,1,6,5,2,7,1,7,6,7,5,2,6,1,4,1,1,1,2,1,6,3,5,7,4,5,3,3,7,5,5,5,4
NA,Default Response Set,Anonymous,NA,NA,NA,0,3/15/13 10:57,3/15/13 11:06,1,1,NA,22,2,5,1,4,3,4,5,5,4,3,4,3,4,4,3,4,4,5,1,4,3,4,3,6,7,5,3,3,3,7,4,4,4,3,5,4,4,5,4,3,4,5,4,4,4,5,3,4,5,4,4,3,4,5,4,4,3,4,1,3,3,5,5,5,5,4,5,6,5,4,4,2,5,4,4,4,5,2,3,4,4,4,4,7,5,2,3,4,4,3
NA,Default Response Set,Anonymous,NA,NA,NA,0,3/15/13 10:56,3/15/13 11:06,1,1,NA,39,1,5,1,7,2,4,2,5,7,6,7,7,2,6,5,6,7,7,6,6,2,1,5,2,4,5,2,1,2,6,4,4,2,2,1,3,2,2,6,5,1,6,4,3,3,5,2,7,6,1,2,6,4,5,4,5,1,3,3,2,7,1,3,2,5,4,6,5,5,4,2,1,2,2,2,5,7,5,6,2,6,2,2,6,6,5,2,6,2,3
NA,Default Response Set,Anonymous,NA,NA,NA,0,3/15/13 10:57,3/15/13 11:06,1,1,NA,22,1,5,1,4,5,5,4,6,4,4,3,5,4,5,5,5,6,5,4,3,4,3,4,4,3,5,3,4,4,5,5,5,5,4,5,5,5,5,5,4,3,5,5,4,3,6,4,4,4,2,3,5,3,4,5,4,2,5,4,6,5,5,5,4,6,5,6,5,6,3,3,3,3,3,4,5,5,5,5,3,5,4,3,3,6,2,3,5,4,5
NA,Default Response Set,Anonymous,NA,NA,NA,0,3/15/13 10:47,3/15/13 11:06,1,1,NA,23,2,5,1,4,4,4,4,5,4,4,4,4,4,4,4,5,4,5,4,4,4,4,4,4,5,4,4,5,4,4,5,4,4,4,4,4,4,5,5,4,5,4,4,5,4,5,4,4,4,4,4,4,4,3,3,4,4,5,4,4,4,4,5,4,5,5,5,5,5,4,4,4,4,4,4,4,3,4,4,5,5,5,4,4,4,4,4,5,4,5
NA,Default Response Set,Anonymous,NA,NA,NA,0,3/15/13 10:55,3/15/13 11:06,1,1,NA,49,1,5,1,6,5,3,5,5,6,6,6,6,6,6,6,3,5,6,6,4,1,3,3,2,3,6,6,3,3,2,2,4,3,3,3,3,3,5,5,6,5,4,5,6,4,5,3,6,5,2,5,3,4,4,3,4,4,5,4,4,2,5,3,5,6,5,5,5,6,5,2,2,3,5,3,5,3,4,6,2,6,3,5,5,5,4,2,3,3,4
NA,Default Response Set,Anonymous,NA,NA,NA,0,3/15/13 11:01,3/15/13 11:06,1,1,NA,23,1,5,1,5,5,2,3,6,5,3,2,3,1,3,2,5,6,5,3,5,3,5,5,5,6,2,1,2,2,6,5,3,2,1,2,2,3,2,3,3,1,5,3,2,2,5,5,5,6,1,1,6,3,3,6,3,2,3,6,3,2,2,5,5,5,5,5,5,5,1,5,2,1,3,5,6,6,3,6,2,3,3,2,5,5,2,3,2,2,1
NA,Default Response Set,Anonymous,NA,NA,NA,0,3/15/13 10:48,3/15/13 11:07,1,1,NA,26,2,5,1,5,3,5,3,5,7,5,6,5,7,6,5,5,4,5,7,5,2,5,3,6,6,5,6,5,5,2,4,5,6,5,4,5,7,7,6,5,7,4,5,7,5,5,3,6,4,2,6,3,5,3,3,3,6,5,2,6,5,4,6,5,6,5,7,5,5,6,5,6,4,5,3,5,5,7,2,4,7,4,5,2,2,7,5,5,5,5
NA,Default Response Set,Anonymous,NA,NA,NA,0,3/15/13 10:48,3/15/13 11:07,1,1,NA,42,1,5,1,6,5,5,6,6,6,4,5,6,5,5,5,6,5,7,4,4,5,3,3,3,4,4,5,5,5,3,7,6,6,5,5,5,6,6,6,6,5,6,6,6,4,6,2,3,3,6,5,3,2,2,3,3,5,6,2,6,5,4,6,3,6,6,6,6,6,6,2,5,2,3,2,3,2,6,4,5,6,5,5,3,2,6,5,6,3,5
NA,Default Response Set,Anonymous,NA,NA,NA,0,3/15/13 11:00,3/15/13 11:07,1,1,NA,35,2,5,1,5,5,4,2,5,5,4,3,6,5,5,5,5,4,6,5,3,2,2,2,2,4,2,5,3,3,2,6,5,4,3,4,5,6,5,4,5,5,5,5,5,3,5,2,3,4,2,5,5,3,3,3,3,3,5,3,5,4,2,5,3,5,5,6,5,5,5,3,2,2,2,3,3,3,6,2,3,5,3,4,2,4,4,2,5,3,3
NA,Default Response Set,Anonymous,NA,NA,NA,0,3/15/13 10:55,3/15/13 11:07,1,1,NA,25,1,5,1,5,5,5,6,6,6,4,5,5,5,5,3,5,5,5,5,3,6,5,6,1,6,5,6,4,6,3,6,6,3,2,5,5,6,6,5,6,5,6,5,6,5,6,2,5,3,5,4,5,5,3,2,3,5,6,4,6,5,3,6,3,7,6,6,6,5,6,3,1,3,5,5,6,3,7,3,5,5,5,6,2,3,5,6,5,5,1
NA,Default Response Set,Anonymous,NA,NA,NA,0,3/15/13 11:03,3/15/13 11:07,1,1,NA,27,1,1,1,4,7,5,3,5,7,7,4,5,7,4,4,1,1,7,7,6,1,3,4,3,1,5,4,1,4,4,5,5,4,6,4,5,5,3,7,4,7,6,5,7,4,3,4,1,5,6,4,2,7,1,5,4,1,6,1,4,3,7,6,5,6,4,5,2,7,6,6,5,2,4,6,2,1,4,5,7,7,1,2,3,1,6,3,7,7,1
NA,Default Response Set,Anonymous,NA,NA,NA,0,3/15/13 10:54,3/15/13 11:07,1,1,NA,26,2,5,1,7,6,6,7,6,6,6,7,6,1,5,7,6,1,6,6,1,6,6,1,1,1,6,1,6,6,1,6,7,6,6,6,5,5,6,6,6,1,6,6,1,6,6,6,1,1,6,1,7,1,6,1,1,6,6,1,6,6,7,6,6,6,6,6,6,6,6,6,6,1,1,1,6,1,6,6,6,2,6,1,7,6,6,1,6,6,6
NA,Default Response Set,Anonymous,NA,NA,NA,0,3/15/13 10:51,3/15/13 11:07,1,1,NA,51,1,5,1,5,5,2,3,4,6,5,4,5,6,5,6,7,5,5,6,6,2,3,4,3,5,5,6,3,4,4,5,6,4,3,2,4,5,4,5,6,6,4,4,7,4,4,4,6,5,2,6,4,6,2,2,5,3,7,4,5,2,4,5,3,5,4,7,6,5,5,4,5,5,4,3,4,5,6,3,3,6,3,5,3,3,3,5,3,2,5
NA,Default Response Set,Anonymous,NA,NA,NA,0,3/15/13 11:01,3/15/13 11:07,1,1,NA,30,1,5,1,3,3,3,3,4,3,3,3,4,4,3,4,3,5,5,4,5,4,4,5,5,5,3,3,3,3,5,5,3,3,3,2,4,5,4,3,3,3,3,3,3,3,4,4,5,5,3,3,5,5,5,4,5,3,3,4,3,4,4,4,4,3,4,4,3,3,3,4,3,4,5,4,5,5,3,5,4,4,4,4,5,5,3,3,3,3,3
NA,Default Response Set,Anonymous,NA,NA,NA,0,3/15/13 11:04,3/15/13 11:08,1,1,NA,31,1,5,1,5,6,6,3,5,5,5,4,5,4,6,7,3,4,4,5,6,7,4,4,3,4,4,4,6,6,6,4,4,6,7,5,3,7,5,6,4,6,6,6,3,5,6,5,3,4,4,3,6,4,4,5,7,7,5,4,4,6,5,4,7,3,5,4,6,6,7,5,4,7,3,6,4,4,5,5,7,5,3,6,3,3,6,4,4,7,3
NA,Default Response Set,Anonymous,NA,NA,NA,0,3/15/13 10:59,3/15/13 11:08,1,1,NA,29,1,5,1,5,4,4,3,5,4,4,4,3,5,4,4,4,4,5,3,3,5,4,3,4,4,4,3,3,3,4,3,4,5,5,4,5,4,4,4,4,4,4,3,5,5,3,5,4,5,4,5,4,4,3,3,4,3,4,4,5,3,4,4,4,4,3,3,3,4,5,3,3,4,4,5,5,5,3,4,5,2,4,5,4,4,6,5,3,4,4
NA,Default Response Set,Anonymous,NA,NA,NA,0,3/15/13 11:01,3/15/13 11:08,1,1,NA,24,1,2,1,2,5,3,3,5,5,5,5,5,5,5,5,5,5,6,5,5,3,5,6,3,5,5,5,3,3,6,6,3,3,2,3,3,3,6,2,5,5,5,3,6,2,3,5,6,6,3,5,7,6,5,5,6,2,5,6,3,3,5,3,3,5,3,5,3,3,3,5,2,2,2,5,5,5,5,6,3,5,2,5,5,6,5,3,3,2,2
NA,Default Response Set,Anonymous,NA,NA,NA,0,3/15/13 10:55,3/15/13 11:08,1,1,NA,23,1,5,1,6,5,3,3,7,5,5,6,5,6,5,6,5,3,6,6,4,4,3,3,2,4,5,4,4,3,3,4,6,6,6,5,6,7,5,6,5,6,6,6,6,7,7,2,5,4,4,5,3,4,1,3,4,6,7,3,5,3,5,7,4,5,6,7,6,6,4,2,7,2,4,3,4,2,7,4,4,6,5,4,2,2,3,6,6,4,5
NA,Default Response Set,Anonymous,NA,NA,NA,0,3/15/13 11:03,3/15/13 11:08,1,1,NA,18,2,5,1,5,7,6,6,6,6,6,6,6,6,6,6,6,1,6,6,3,2,2,3,2,3,6,6,6,6,2,2,6,6,6,6,6,6,6,6,6,6,6,7,6,6,6,2,2,2,7,6,2,2,1,2,2,6,6,2,6,6,3,6,3,6,6,6,6,6,6,2,7,1,3,2,3,2,6,2,6,6,6,6,2,2,5,6,6,6,6
NA,Default Response Set,Anonymous,NA,NA,NA,0,3/15/13 10:58,3/15/13 11:08,1,1,NA,41,2,2,1,5,2,1,2,4,6,4,4,5,2,6,6,3,5,6,5,7,5,5,6,5,7,1,3,2,2,5,7,3,3,3,2,3,6,5,3,3,3,3,3,7,1,6,6,7,6,2,2,5,6,5,5,3,2,5,5,1,3,3,6,4,5,3,6,3,5,3,3,3,4,6,3,6,6,5,5,2,5,2,5,5,5,2,4,2,2,5
NA,Default Response Set,Anonymous,NA,NA,NA,0,3/15/13 11:02,3/15/13 11:08,1,1,NA,21,1,1,1,6,6,2,5,5,6,5,3,6,6,5,5,5,5,4,5,2,2,4,3,3,4,6,4,5,4,4,2,5,5,3,3,6,6,5,4,5,4,5,5,2,4,6,6,3,2,3,6,4,3,3,5,4,3,5,3,2,4,4,4,6,5,5,5,6,5,4,5,5,5,6,6,5,4,6,6,5,6,3,5,6,5,5,5,6,5,6
NA,Default Response Set,Anonymous,NA,NA,NA,0,3/15/13 10:41,3/15/13 11:09,1,1,NA,25,2,5,1,6,5,5,5,6,6,6,5,6,5,5,5,4,6,5,4,4,5,5,4,4,4,5,6,5,6,5,5,5,5,5,6,4,5,5,5,5,5,4,5,5,5,5,5,5,4,5,5,4,5,6,5,6,6,6,5,5,6,5,5,5,6,5,6,5,5,5,4,4,5,5,6,5,6,5,5,6,6,5,6,6,5,6,5,6,5,5
NA,Default Response Set,Anonymous,NA,NA,NA,0,3/15/13 11:07,3/15/13 11:09,1,1,NA,24,1,3,1,4,2,2,3,3,2,3,2,2,4,4,4,5,5,3,6,4,3,4,4,5,4,4,3,2,3,4,4,2,5,4,3,3,2,6,3,3,2,4,4,4,5,4,3,4,2,5,5,4,5,5,2,6,3,5,4,4,3,5,5,3,4,4,5,4,4,3,3,5,2,3,4,4,3,3,3,2,4,5,5,4,3,5,3,3,4,4
NA,Default Response Set,Anonymous,NA,NA,NA,0,3/15/13 10:53,3/15/13 11:09,1,1,NA,24,1,6,1,4,1,1,1,1,1,4,4,7,1,1,1,4,7,7,4,6,4,1,7,4,7,1,1,1,1,7,4,1,1,1,1,1,6,1,4,1,1,1,1,1,1,1,4,6,7,1,1,7,7,4,7,6,1,4,7,1,1,1,1,1,1,1,5,1,1,1,7,1,5,1,6,7,6,7,7,1,1,1,1,6,7,1,1,1,1,1
NA,Default Response Set,Anonymous,NA,NA,NA,0,3/15/13 10:53,3/15/13 11:10,1,1,NA,37,2,5,1,5,5,3,4,5,6,4,5,6,4,5,5,6,5,6,5,4,3,2,2,1,5,5,4,3,2,1,3,4,4,2,3,6,6,4,5,5,4,5,4,5,3,5,4,5,4,1,5,4,5,4,3,3,3,4,3,4,2,3,4,2,5,3,5,3,4,5,2,1,2,5,3,3,3,4,5,3,5,3,3,6,4,5,2,4,2,3
NA,Default Response Set,Anonymous,NA,NA,NA,0,3/15/13 11:03,3/15/13 11:10,1,1,NA,30,1,5,1,1,1,1,1,4,1,1,1,1,1,1,1,1,7,6,1,7,5,5,7,1,6,1,1,1,1,6,6,1,1,1,1,1,6,1,1,1,4,1,1,1,1,1,6,7,7,1,1,6,6,4,7,6,1,1,6,1,1,4,1,1,1,2,5,1,2,1,4,1,5,2,6,7,2,1,6,1,1,1,1,6,7,6,1,1,1,1
NA,Default Response Set,Anonymous,NA,NA,NA,0,3/15/13 10:59,3/15/13 11:10,1,1,NA,39,2,6,1,6,5,4,6,5,7,5,5,7,6,7,5,6,5,7,5,3,3,4,2,3,3,6,5,6,4,3,5,5,5,4,6,5,6,6,5,5,5,5,5,5,5,7,3,5,5,5,5,5,6,5,3,2,3,6,3,5,5,5,6,2,6,5,6,5,6,5,3,6,1,5,2,5,2,5,5,5,5,3,6,4,1,5,5,5,5,2
NA,Default Response Set,Anonymous,NA,NA,NA,0,3/15/13 11:06,3/15/13 11:11,1,1,NA,23,1,5,1,4,5,4,4,4,4,4,5,4,4,5,5,5,5,6,5,5,4,3,5,3,5,4,5,4,4,5,6,4,4,4,5,4,4,4,4,5,5,5,4,5,5,4,3,5,5,4,4,5,4,4,3,4,4,6,4,5,4,4,4,5,5,4,4,4,4,5,4,4,4,4,5,5,4,6,3,4,5,3,5,4,4,4,4,4,5,3
NA,Default Response Set,Anonymous,NA,NA,NA,0,3/15/13 11:01,3/15/13 11:11,1,1,NA,34,2,7,1,6,6,5,5,6,6,4,6,6,5,6,6,6,5,6,6,3,2,4,5,3,4,6,6,5,5,2,2,5,5,4,5,5,5,6,6,6,6,5,6,6,5,6,3,3,3,3,6,2,3,3,3,2,6,6,2,6,5,3,5,6,6,6,6,6,6,6,3,4,2,2,3,3,2,6,2,6,6,5,5,3,2,6,5,6,4,2
NA,Default Response Set,Anonymous,NA,NA,NA,0,3/15/13 10:51,3/15/13 11:11,1,1,NA,31,1,4,1,6,6,1,1,5,6,6,3,6,5,5,6,5,7,7,6,1,1,1,1,1,4,4,4,2,1,4,4,4,5,1,1,4,1,6,5,6,1,5,7,1,1,5,1,7,4,5,5,6,7,4,3,6,1,4,4,4,1,1,5,1,5,4,4,4,5,5,5,1,1,5,1,1,4,5,4,1,5,1,5,3,7,2,5,1,1,4
NA,Default Response Set,Anonymous,NA,NA,NA,0,3/15/13 10:58,3/15/13 11:12,1,1,NA,21,1,5,1,1,1,1,1,1,1,1,1,1,1,1,1,7,7,1,1,7,7,7,7,7,7,2,1,1,1,7,7,1,1,1,1,1,3,1,1,1,1,1,1,2,3,4,7,7,7,1,1,7,7,6,5,7,1,4,7,1,1,5,2,1,1,1,3,1,3,1,7,1,6,7,7,7,7,1,6,1,1,1,3,6,7,1,1,1,1,1
NA,Default Response Set,Anonymous,NA,NA,NA,0,3/15/13 11:05,3/15/13 11:12,1,1,NA,21,2,2,1,6,4,6,6,4,6,6,6,6,6,6,5,5,5,5,6,3,4,3,6,5,4,4,5,5,5,4,4,5,6,5,5,5,5,6,5,6,5,5,6,5,5,5,4,4,3,5,5,5,4,6,5,3,6,5,4,6,6,5,6,5,6,6,5,5,6,6,4,4,4,5,3,6,5,5,5,7,5,5,6,3,4,6,5,6,5,5
NA,Default Response Set,Anonymous,NA,NA,NA,0,3/15/13 11:04,3/15/13 11:12,1,1,NA,22,1,5,1,5,5,3,2,5,6,5,3,4,3,5,4,6,6,5,3,5,3,4,3,5,6,1,5,3,2,7,6,4,3,2,5,5,6,3,5,5,5,6,5,5,3,5,3,5,5,3,4,6,6,3,3,3,5,6,3,5,5,6,5,6,6,4,5,4,5,4,4,5,2,5,3,3,5,6,2,5,6,5,3,2,3,3,5,3,1,3
NA,Default Response Set,Anonymous,NA,NA,NA,0,3/15/13 11:04,3/15/13 11:12,1,1,NA,30,1,5,1,5,3,2,3,4,5,3,3,5,3,5,3,5,5,6,3,5,4,4,3,3,5,4,3,3,2,5,6,5,3,4,3,5,3,2,5,5,2,5,5,3,5,6,3,6,5,3,3,5,5,4,3,2,2,5,3,2,2,2,6,3,5,5,6,3,5,3,2,3,3,3,3,3,6,4,5,3,6,3,4,5,5,2,2,3,3,2
NA,Default Response Set,Anonymous,NA,NA,NA,0,3/15/13 10:56,3/15/13 11:12,1,1,NA,21,1,5,1,3,3,2,3,3,5,3,2,5,3,5,3,5,6,5,5,6,4,5,6,5,5,5,2,2,2,5,6,2,5,2,2,3,5,3,3,2,3,2,3,3,2,3,3,5,5,2,3,5,5,3,3,5,2,5,5,3,3,6,5,6,5,5,6,2,5,2,3,2,3,3,3,5,5,6,2,2,6,2,2,3,3,3,5,3,1,1
NA,Default Response Set,Anonymous,NA,NA,NA,0,3/15/13 10:57,3/15/13 11:12,1,1,NA,19,2,4,1,5,3,3,2,5,5,6,3,5,6,4,5,6,6,7,6,6,3,4,1,5,5,5,5,2,3,4,6,4,4,3,2,2,3,5,3,4,4,4,3,6,2,6,4,6,5,1,4,5,6,4,5,5,2,4,4,3,2,6,5,6,7,4,6,4,4,4,3,5,4,5,4,5,5,6,2,4,6,3,1,2,4,3,5,5,2,6
NA,Default Response Set,Anonymous,NA,NA,NA,0,3/15/13 11:03,3/15/13 11:12,1,1,NA,18,1,2,1,5,4,5,3,4,5,5,4,5,4,5,4,5,4,5,5,3,3,4,4,4,5,3,3,3,3,4,4,5,5,5,3,3,4,4,4,5,4,5,5,4,5,5,3,3,4,4,4,4,4,5,3,4,3,3,4,4,4,5,5,4,5,4,5,5,5,4,4,3,4,4,5,5,4,4,5,5,5,4,4,5,4,4,3,4,3,4
NA,Default Response Set,Anonymous,NA,NA,NA,0,3/15/13 10:54,3/15/13 11:12,1,1,NA,35,1,5,1,5,5,4,4,5,6,5,4,5,5,6,4,6,3,4,4,5,4,4,4,4,5,6,5,3,3,4,5,6,3,5,5,4,6,2,6,5,5,5,6,4,5,6,2,6,5,3,4,4,5,5,2,3,4,6,5,5,4,5,6,5,6,6,6,4,6,5,4,5,4,5,2,3,5,6,4,3,5,5,3,2,5,5,2,4,3,6
NA,Default Response Set,Anonymous,NA,NA,NA,0,3/15/13 11:06,3/15/13 11:12,1,1,NA,19,1,10,1,4,3,4,4,5,4,4,5,4,4,4,4,3,4,4,4,4,4,5,5,4,4,4,4,4,3,5,5,5,4,3,4,4,4,4,5,4,5,5,4,5,4,5,3,5,5,4,3,4,5,4,4,3,5,3,5,4,3,5,4,4,4,4,4,5,4,3,4,3,3,4,3,5,4,4,4,3,5,4,4,4,4,3,4,3,4,4
NA,Default Response Set,Anonymous,NA,NA,NA,0,3/15/13 11:03,3/15/13 11:12,1,1,NA,22,1,5,1,7,7,1,7,7,7,1,7,7,1,7,7,7,7,7,7,1,7,7,1,1,1,1,7,7,7,7,7,7,7,7,1,7,7,7,7,7,7,7,7,7,1,7,1,7,1,1,7,7,7,1,7,7,7,5,7,7,1,1,7,1,1,7,7,7,7,7,7,1,7,1,1,7,7,7,7,1,7,7,1,7,1,7,7,7,1,1
NA,Default Response Set,Anonymous,NA,NA,NA,0,3/15/13 11:09,3/15/13 11:13,1,1,NA,20,1,7,1,5,5,3,5,5,5,5,6,5,4,5,5,3,5,4,4,3,2,4,3,3,4,5,5,4,5,4,3,4,5,3,3,3,4,5,5,5,4,5,5,4,5,4,4,3,3,4,3,5,5,5,5,3,4,5,4,4,3,5,5,5,5,4,5,5,5,6,4,5,3,3,3,3,3,5,4,3,5,3,5,3,3,4,5,5,4,4
NA,Default Response Set,Anonymous,NA,NA,NA,0,3/15/13 11:06,3/15/13 11:13,1,1,NA,30,1,5,1,5,4,3,3,5,5,4,4,5,5,5,5,4,6,5,5,6,3,4,5,6,5,4,5,4,4,3,5,5,4,5,4,5,5,5,5,4,5,5,4,6,4,5,3,4,5,3,5,3,3,2,3,3,4,5,3,4,4,4,5,3,5,5,5,5,6,5,3,3,3,3,3,3,2,5,4,5,5,4,5,3,4,5,5,6,4,3
NA,Default Response Set,Anonymous,NA,NA,NA,0,3/15/13 11:08,3/15/13 11:13,1,1,NA,28,1,2,1,5,4,6,5,5,4,5,5,5,4,5,6,4,4,5,7,5,4,5,3,4,4,4,5,5,5,4,5,6,5,4,3,4,6,6,5,5,6,5,5,5,5,5,5,5,5,5,6,3,5,4,4,4,3,5,5,7,5,4,5,4,7,6,5,5,4,4,4,5,5,6,4,5,4,6,5,5,5,5,3,5,4,5,4,5,5,3
NA,Default Response Set,Anonymous,NA,NA,NA,0,3/15/13 11:03,3/15/13 11:13,1,1,NA,27,1,5,1,6,5,5,4,5,6,6,5,5,6,5,6,6,3,6,6,2,3,3,3,2,3,5,5,5,6,3,3,5,6,5,4,5,5,6,5,5,6,5,5,5,5,5,3,3,3,5,5,3,3,5,3,3,5,5,2,5,5,4,6,3,5,5,5,5,5,5,5,5,3,3,3,5,3,6,3,5,5,6,5,2,3,5,6,5,5,5
NA,Default Response Set,Anonymous,NA,NA,NA,0,3/15/13 11:06,3/15/13 11:13,1,1,NA,29,2,6,1,7,6,6,6,6,7,2,2,6,6,6,6,6,2,6,6,3,2,2,2,2,2,6,6,6,6,3,2,6,7,6,6,6,5,7,6,6,6,6,7,6,2,6,2,2,2,6,5,2,2,3,2,2,6,6,2,7,6,6,6,2,7,6,7,7,6,6,6,2,2,2,2,3,2,5,4,6,6,6,5,4,3,6,4,7,5,5
NA,Default Response Set,Anonymous,NA,NA,NA,0,3/15/13 11:04,3/15/13 11:13,1,1,NA,23,2,5,1,2,3,2,2,4,1,4,1,2,5,2,4,4,4,4,2,7,2,7,7,7,7,4,5,2,2,4,7,2,4,4,2,5,2,3,3,4,5,1,4,5,2,5,7,5,5,4,4,3,5,2,2,6,2,3,5,4,2,4,3,5,5,5,5,4,4,2,6,6,5,3,6,5,4,2,4,4,6,3,6,5,3,2,4,4,2,2
NA,Default Response Set,Anonymous,NA,NA,NA,0,3/15/13 10:58,3/15/13 11:13,1,1,NA,26,2,9,1,6,6,6,6,7,7,7,7,7,5,7,7,6,5,7,7,2,2,2,2,1,2,6,4,4,6,2,5,6,5,6,5,6,3,6,6,6,7,6,6,6,5,6,2,6,2,3,6,6,6,3,2,1,3,6,2,7,4,2,6,2,6,6,7,7,6,6,5,3,2,3,2,5,2,6,6,6,7,2,6,6,2,3,2,7,5,1
NA,Default Response Set,Anonymous,NA,NA,NA,0,3/15/13 11:07,3/15/13 11:13,1,1,NA,26,1,2,1,6,6,5,5,6,6,6,5,6,5,6,6,7,2,6,6,2,3,3,3,3,3,5,5,6,6,2,4,6,5,5,6,6,5,6,6,6,5,5,6,6,5,5,2,2,3,6,5,3,4,3,2,2,6,6,3,6,5,5,6,5,6,6,6,6,6,6,3,6,4,5,2,3,2,7,4,5,6,5,6,3,3,4,6,6,6,5
NA,Default Response Set,Anonymous,NA,NA,NA,0,3/15/13 11:02,3/15/13 11:14,1,1,NA,20,1,5,1,3,3,2,3,5,3,3,3,3,5,3,5,4,5,4,3,6,3,5,6,4,5,4,3,5,4,5,4,3,5,2,2,3,4,3,3,5,3,3,4,4,5,5,3,5,5,3,2,5,3,5,5,5,2,3,4,4,3,3,4,6,3,5,5,3,5,3,2,4,5,5,5,5,6,4,5,2,4,4,3,6,5,2,3,5,3,3
NA,Default Response Set,Anonymous,NA,NA,NA,0,3/15/13 11:01,3/15/13 11:14,1,1,NA,43,1,5,1,3,2,2,5,2,3,1,2,3,2,3,3,3,6,3,2,7,6,5,6,6,6,2,2,2,2,6,7,3,2,2,2,3,4,2,3,3,2,3,3,3,2,3,3,6,6,2,2,6,6,6,5,5,3,3,6,2,2,5,2,4,3,4,4,2,3,3,5,3,4,5,5,6,6,5,5,2,4,2,2,4,5,2,2,3,2,2
NA,Default Response Set,Anonymous,NA,NA,NA,0,3/15/13 10:53,3/15/13 11:14,1,1,NA,29,2,5,1,5,3,5,4,4,5,5,2,5,5,5,5,4,5,5,6,6,5,2,5,3,7,2,4,5,5,5,5,3,2,2,5,3,6,3,4,5,5,5,3,5,3,5,5,5,6,3,5,6,5,3,2,4,5,6,5,3,3,4,4,5,5,5,5,5,5,5,5,5,5,4,5,4,5,6,4,3,6,2,5,2,3,3,5,5,3,5
NA,Default Response Set,Anonymous,NA,NA,NA,0,3/15/13 11:00,3/15/13 11:14,1,1,NA,54,2,5,1,6,4,5,2,5,4,1,2,5,5,5,5,5,5,5,5,6,5,5,5,6,6,5,3,2,3,5,7,3,3,3,2,5,6,3,5,5,6,6,5,6,3,5,5,5,6,2,3,5,5,2,5,5,2,5,5,2,3,5,5,5,5,6,6,2,6,3,4,5,5,6,5,4,5,7,5,2,6,3,3,3,3,5,3,4,2,5
NA,Default Response Set,Anonymous,NA,NA,NA,0,3/15/13 11:04,3/15/13 11:14,1,1,NA,25,1,5,1,3,4,4,4,4,5,3,4,4,4,4,4,5,4,5,3,5,4,3,5,3,5,3,5,4,4,4,6,3,3,3,5,3,3,3,4,4,5,4,3,4,4,3,4,6,6,4,4,6,4,6,4,4,4,4,4,4,4,4,4,4,5,4,5,4,4,5,4,3,5,4,4,3,6,5,4,3,4,4,4,4,5,2,4,4,4,2
NA,Default Response Set,Anonymous,NA,NA,NA,0,3/15/13 11:09,3/15/13 11:14,1,1,NA,24,2,10,1,5,5,5,3,5,5,5,5,5,5,5,5,3,3,5,5,3,3,3,3,3,3,5,5,5,5,3,3,5,5,5,5,6,5,5,5,4,5,5,5,5,5,6,3,4,3,4,5,3,3,3,3,3,5,5,3,5,5,5,5,3,5,5,5,5,5,5,3,5,3,3,3,3,3,5,3,5,5,4,5,3,3,5,5,5,5,4
NA,Default Response Set,Anonymous,NA,NA,NA,0,3/15/13 10:54,3/15/13 11:15,1,1,NA,24,1,5,1,5,5,2,3,6,3,5,3,6,5,3,3,6,5,5,5,6,2,3,5,3,5,5,2,3,3,5,5,3,3,3,2,2,5,3,5,3,6,2,5,6,3,5,5,6,6,2,3,6,6,5,3,6,2,5,5,3,5,5,5,7,6,3,6,5,6,3,3,2,2,6,5,5,6,6,3,3,5,3,2,5,6,2,2,5,2,2
NA,Default Response Set,Anonymous,NA,NA,NA,0,3/15/13 10:53,3/15/13 11:15,1,1,NA,61,2,10,1,7,5,4,1,5,7,4,5,7,4,7,6,6,5,7,4,1,1,1,3,1,1,6,4,2,5,4,1,5,5,5,5,6,6,6,6,5,5,5,5,4,4,4,1,1,1,1,5,1,5,1,1,1,3,5,3,5,6,2,5,1,6,5,6,5,5,4,1,3,1,1,2,5,1,5,4,5,5,2,4,3,5,6,4,5,2,3
NA,Default Response Set,Anonymous,NA,NA,NA,0,3/15/13 11:04,3/15/13 11:15,1,1,NA,52,1,5,1,5,3,2,2,4,5,3,5,5,4,5,4,4,5,5,4,6,5,4,5,2,5,4,2,2,2,6,6,3,3,2,2,3,4,4,2,3,3,4,3,4,2,4,4,6,5,3,3,6,5,5,5,5,2,4,6,3,2,5,5,5,3,4,5,2,3,4,4,2,4,5,5,6,5,4,5,3,5,2,3,5,5,4,2,3,2,2
NA,Default Response Set,Anonymous,NA,NA,NA,0,3/15/13 11:05,3/15/13 11:15,1,1,NA,36,1,5,1,5,5,4,5,6,5,5,6,5,4,5,5,5,5,6,6,3,3,3,3,3,3,5,4,4,5,3,3,5,6,5,4,5,5,5,5,5,4,5,5,5,4,5,3,4,4,5,4,3,3,3,3,3,5,4,3,4,5,4,5,4,5,5,5,5,5,5,4,5,3,3,3,3,3,5,4,5,5,4,4,3,4,5,2,5,3,3
NA,Default Response Set,Anonymous,NA,NA,NA,0,3/15/13 11:03,3/15/13 11:15,1,1,NA,34,1,5,1,5,5,5,5,5,6,6,5,6,6,5,5,6,6,6,5,6,6,3,5,6,6,5,5,6,5,4,6,6,7,6,6,5,5,6,6,5,6,5,5,7,4,6,5,6,5,6,5,6,6,5,5,5,5,5,6,5,5,4,5,6,5,5,5,6,6,5,4,6,5,6,6,6,5,6,6,5,5,6,7,5,5,6,5,5,5,5
NA,Default Response Set,Anonymous,NA,NA,NA,0,3/15/13 11:04,3/15/13 11:15,1,1,NA,21,1,6,1,5,4,4,5,6,5,6,5,6,4,5,5,5,6,6,6,4,4,4,5,5,5,5,3,4,4,4,6,5,4,4,4,6,5,5,5,5,5,5,5,5,5,5,4,5,5,4,5,6,4,4,4,4,5,6,5,5,5,6,6,6,6,6,6,4,6,4,5,5,5,6,3,3,4,6,3,5,6,5,5,3,4,3,6,4,6,6
NA,Default Response Set,Anonymous,NA,NA,NA,0,3/15/13 11:07,3/15/13 11:15,1,1,NA,23,2,5,1,5,5,3,3,6,5,3,3,6,5,6,5,6,3,5,5,3,3,3,3,5,3,5,6,5,5,3,4,5,6,6,6,3,6,6,5,5,6,6,6,6,5,6,3,5,3,4,6,3,4,3,3,3,6,6,3,5,5,3,5,6,6,5,6,6,7,5,5,6,3,3,3,3,4,7,3,5,6,3,5,2,4,5,6,6,3,1
NA,Default Response Set,Anonymous,NA,NA,NA,0,3/15/13 11:08,3/15/13 11:16,1,1,NA,22,2,5,1,2,1,1,1,2,5,4,3,4,2,2,1,5,6,6,6,6,2,7,7,6,7,3,4,2,1,5,6,2,2,2,5,4,7,2,1,2,5,1,1,6,2,6,7,7,7,3,3,7,6,4,6,6,2,5,7,2,2,2,3,7,5,3,4,5,2,3,5,2,7,6,7,6,7,7,2,2,4,2,2,3,6,2,2,3,1,2
NA,Default Response Set,Anonymous,NA,NA,NA,0,3/15/13 11:10,3/15/13 11:16,1,1,NA,28,1,2,1,4,5,5,5,6,5,5,6,6,4,5,5,5,4,5,6,5,3,4,5,4,5,5,5,6,6,6,4,5,5,4,5,5,6,5,5,5,4,6,5,5,6,6,5,6,5,4,5,5,5,4,3,6,5,6,5,5,5,6,5,5,6,5,5,5,6,5,6,6,4,5,3,3,5,6,5,5,5,6,5,6,6,5,4,4,5,6
NA,Default Response Set,Anonymous,NA,NA,NA,0,3/15/13 11:14,3/15/13 11:16,1,1,NA,30,1,5,1,5,5,5,5,5,5,6,5,5,5,5,5,5,5,4,5,5,5,4,5,5,4,5,6,5,5,4,5,4,5,4,5,6,6,5,5,6,5,4,5,5,5,5,5,5,4,5,4,5,4,4,5,5,5,4,5,5,5,4,5,5,5,4,5,5,4,4,4,4,5,5,4,5,5,5,4,4,5,4,5,4,4,4,6,5,4,6
NA,Default Response Set,Anonymous,NA,NA,NA,0,3/15/13 11:06,3/15/13 11:16,1,1,NA,29,1,5,1,3,2,1,3,5,4,6,1,3,1,3,3,2,5,4,2,6,6,7,3,6,7,4,2,2,3,6,7,4,1,1,3,4,4,3,4,3,1,3,3,5,4,5,2,6,6,1,1,5,6,3,7,6,3,3,6,4,2,6,4,7,5,5,5,3,5,2,2,2,5,5,6,6,7,2,6,2,2,4,1,7,7,4,1,2,1,2
NA,Default Response Set,Anonymous,NA,NA,NA,0,3/15/13 11:13,3/15/13 11:17,1,1,NA,26,2,1,1,4,4,5,4,5,4,5,4,5,5,4,4,5,4,5,6,4,4,4,5,4,4,4,4,3,5,4,5,5,4,5,5,4,5,5,4,5,5,3,5,5,5,4,5,5,4,4,5,3,5,4,3,4,5,5,5,5,5,5,5,5,5,6,5,5,5,6,3,5,5,5,6,5,3,5,3,5,5,5,4,5,5,5,3,5,4,5
NA,Default Response Set,Anonymous,NA,NA,NA,0,3/15/13 11:07,3/15/13 11:17,1,1,NA,31,2,5,1,6,6,7,5,6,6,4,6,5,7,6,5,7,2,6,5,2,2,3,4,3,3,4,6,6,6,1,4,6,7,6,6,5,6,6,7,6,7,5,6,7,4,6,1,2,2,6,6,1,1,1,2,2,6,6,3,6,7,6,6,3,6,6,7,6,6,6,3,6,1,3,2,3,2,5,4,6,7,5,6,2,3,7,5,6,6,6
NA,Default Response Set,Anonymous,NA,NA,NA,0,3/15/13 11:10,3/15/13 11:17,1,1,NA,34,1,5,1,1,1,1,1,1,1,3,2,1,1,1,1,1,7,4,1,5,6,7,1,1,7,1,1,1,1,7,7,1,1,1,1,1,1,1,1,1,1,1,1,1,1,1,5,6,6,1,1,7,6,7,6,5,1,1,2,1,1,1,1,7,1,1,3,1,1,1,7,1,5,7,6,6,7,1,7,1,1,1,1,7,7,1,1,1,1,1
NA,Default Response Set,Anonymous,NA,NA,NA,0,3/15/13 11:03,3/15/13 11:18,1,1,NA,33,1,7,1,2,2,2,2,2,2,4,2,5,3,2,2,2,4,2,4,6,5,7,5,6,6,5,2,2,2,6,6,2,2,2,2,2,2,2,2,2,4,3,2,4,2,5,6,6,6,2,3,6,6,6,3,6,2,5,7,2,2,6,2,6,3,2,2,4,5,2,3,2,6,6,6,6,6,5,5,2,5,3,3,3,6,2,3,2,2,2
NA,Default Response Set,Anonymous,NA,NA,NA,0,3/15/13 11:13,3/15/13 11:18,1,1,NA,22,1,5,1,4,5,5,5,5,5,4,4,4,4,5,5,5,5,4,5,7,5,3,4,5,3,6,5,5,4,2,3,5,5,5,6,5,4,6,5,5,5,5,4,4,2,5,5,4,5,4,4,5,7,4,4,4,5,4,5,5,3,5,5,5,4,6,5,5,5,5,4,5,6,5,5,5,4,6,4,4,5,5,5,6,1,3,4,6,5,6
NA,Default Response Set,Anonymous,NA,NA,NA,0,3/15/13 11:06,3/15/13 11:18,1,1,NA,55,2,5,1,6,5,5,3,5,5,4,6,6,5,6,5,5,6,7,5,3,2,3,3,3,3,3,5,5,6,2,3,6,6,5,6,6,5,6,6,6,5,6,6,6,4,6,2,3,3,5,5,3,3,3,4,2,5,5,3,5,5,2,6,2,6,6,6,6,4,5,2,3,3,3,2,4,2,5,5,5,6,4,4,3,3,5,3,6,4,3
NA,Default Response Set,Anonymous,NA,NA,NA,0,3/15/13 11:11,3/15/13 11:18,1,1,NA,32,2,4,1,5,3,1,3,5,5,1,2,4,1,5,4,6,4,4,2,7,4,7,4,6,7,3,3,2,2,7,6,5,4,4,2,4,5,6,4,4,2,5,4,7,4,7,5,5,5,3,1,4,7,7,4,4,1,3,5,7,3,4,5,4,6,7,6,4,6,4,4,5,5,5,5,5,7,4,4,4,6,4,2,4,6,5,1,6,2,5
NA,Default Response Set,Anonymous,NA,NA,NA,0,3/15/13 11:12,3/15/13 11:18,1,1,NA,28,1,5,1,6,5,5,5,6,5,5,4,6,4,5,6,6,4,2,6,2,2,1,2,1,2,5,5,4,5,2,2,5,6,5,2,5,5,5,6,6,4,6,5,6,4,6,2,2,1,4,5,2,2,1,3,2,5,6,2,5,5,5,6,1,7,5,5,6,7,5,1,5,2,2,2,3,1,6,4,6,7,5,5,2,2,5,5,6,4,6
NA,Default Response Set,Anonymous,NA,NA,NA,0,3/15/13 11:06,3/15/13 11:19,1,1,NA,21,1,5,1,5,5,4,2,5,5,5,6,6,2,6,5,5,6,5,6,4,4,3,5,3,4,5,2,5,5,5,4,5,4,5,3,6,5,5,5,5,3,5,6,6,5,5,3,5,5,3,3,4,5,5,5,3,5,4,4,5,3,3,5,4,4,5,5,5,6,6,5,4,3,6,5,3,3,5,6,3,3,4,6,6,6,5,5,6,4,4
NA,Default Response Set,Anonymous,NA,NA,NA,0,3/15/13 11:11,3/15/13 11:19,1,1,NA,19,1,5,1,5,5,3,3,5,5,5,5,6,5,5,5,5,5,7,5,3,3,3,4,3,3,3,5,5,3,3,6,5,4,3,3,5,4,5,5,5,6,5,4,6,3,5,3,3,3,3,5,4,3,3,3,5,3,5,5,5,2,3,5,3,5,5,5,5,5,5,5,5,3,3,3,5,4,5,4,3,5,3,4,3,3,4,3,5,4,2
NA,Default Response Set,Anonymous,NA,NA,NA,0,3/15/13 11:11,3/15/13 11:19,1,1,NA,28,2,5,1,4,4,1,4,3,5,2,3,3,4,5,6,5,4,5,2,4,6,6,5,6,5,6,4,3,2,4,7,4,5,4,4,4,7,5,5,4,5,5,5,4,4,5,4,5,4,3,5,5,4,5,5,2,4,5,2,6,5,6,5,4,5,5,6,4,5,4,5,4,5,6,5,4,5,5,4,3,4,3,3,6,5,1,2,4,2,6
NA,Default Response Set,Anonymous,NA,NA,NA,0,3/15/13 11:10,3/15/13 11:19,1,1,NA,24,2,4,1,3,6,6,2,5,3,2,2,3,6,6,3,5,3,5,5,6,2,2,5,6,6,5,3,6,6,2,5,6,6,6,6,6,3,6,6,5,6,6,6,7,5,7,2,5,5,6,5,2,5,1,5,2,6,7,6,6,6,2,6,2,7,5,6,6,7,6,1,6,2,2,2,7,2,7,2,5,7,6,2,2,2,5,6,7,5,7
NA,Default Response Set,Anonymous,NA,NA,NA,0,3/15/13 10:49,3/15/13 11:19,1,1,NA,23,1,5,1,4,3,3,5,4,6,5,2,4,3,4,4,5,5,6,5,5,4,4,4,4,4,4,2,4,4,5,5,3,2,2,2,3,3,3,4,4,2,4,3,4,3,4,3,5,5,3,4,6,4,5,4,4,3,4,5,4,3,4,5,6,4,4,5,4,5,5,3,3,4,4,4,6,5,4,6,3,4,3,3,5,6,2,2,4,3,2
NA,Default Response Set,Anonymous,NA,NA,NA,0,3/15/13 11:03,3/15/13 11:19,1,1,NA,33,2,5,1,7,5,3,5,5,7,6,5,7,3,7,5,6,3,6,5,5,3,2,3,2,6,4,5,5,2,5,6,6,2,5,3,5,7,3,5,5,3,6,6,2,6,6,5,6,5,2,5,2,6,5,3,2,5,4,5,5,3,7,6,6,7,6,7,2,6,3,2,7,6,5,5,2,6,6,3,3,7,3,3,3,3,2,5,5,2,6
NA,Default Response Set,Anonymous,NA,NA,NA,0,3/15/13 11:13,3/15/13 11:19,1,1,NA,26,1,5,1,4,3,3,3,4,4,4,3,4,4,3,3,4,6,6,4,4,2,3,5,4,6,4,4,2,3,2,4,3,3,3,3,4,5,3,2,3,5,2,3,4,3,4,5,2,5,2,5,5,5,4,5,5,3,5,3,2,3,5,3,5,4,4,4,5,3,3,5,2,5,2,4,5,4,5,5,3,3,3,3,3,5,3,2,3,2,5
NA,Default Response Set,Anonymous,NA,NA,NA,0,3/15/13 11:08,3/15/13 11:19,1,1,NA,27,2,5,1,5,2,2,6,6,6,5,3,5,4,6,6,6,3,5,4,2,5,5,5,3,5,4,3,2,6,3,2,6,6,4,2,5,6,4,6,5,6,5,6,6,2,6,2,5,2,5,5,4,6,2,5,2,3,5,2,6,6,5,3,5,6,5,6,5,6,4,5,5,4,3,4,2,4,6,2,2,6,3,6,3,5,3,5,3,4,3
NA,Default Response Set,Anonymous,NA,NA,NA,0,3/15/13 11:12,3/15/13 11:19,1,1,NA,24,2,5,1,3,2,3,4,4,2,3,2,2,2,3,3,3,6,4,3,5,6,5,5,5,5,5,3,2,2,6,7,3,2,3,3,3,3,3,3,3,3,3,3,3,2,5,4,6,6,3,3,6,5,6,6,5,3,4,5,3,3,5,4,5,3,3,5,3,3,4,4,2,4,4,5,6,6,5,4,3,5,3,3,4,5,5,3,3,2,3
NA,Default Response Set,Anonymous,NA,NA,NA,0,3/15/13 11:05,3/15/13 11:20,1,1,NA,55,2,4,1,4,3,3,4,4,4,4,4,4,4,4,4,4,3,5,4,4,3,4,4,4,5,3,4,3,4,5,5,4,3,3,4,5,5,4,4,4,4,4,4,5,4,4,3,4,5,4,4,4,4,4,4,4,4,4,4,4,3,3,4,3,5,4,5,4,5,4,3,4,3,4,4,3,5,5,4,3,5,3,4,4,4,4,3,4,3,4
NA,Default Response Set,Anonymous,NA,NA,NA,0,3/15/13 11:08,3/15/13 11:20,1,1,NA,21,1,2,1,7,7,7,5,7,7,7,7,7,7,7,7,7,2,7,7,2,2,1,2,1,2,7,7,7,7,1,2,7,7,7,7,7,5,7,7,7,7,7,7,7,7,7,1,2,1,6,7,2,2,1,1,1,7,7,1,7,6,2,6,4,7,7,7,7,7,7,1,5,1,1,1,1,1,7,2,7,7,7,6,1,2,2,6,7,1,6
NA,Default Response Set,Anonymous,NA,NA,NA,0,3/15/13 11:12,3/15/13 11:20,1,1,NA,30,1,5,1,4,4,3,4,4,4,4,4,5,5,4,5,4,4,4,5,4,4,4,4,4,4,4,5,4,4,3,4,4,4,4,4,4,4,5,4,4,4,4,5,5,4,4,3,4,4,3,4,4,3,3,3,4,4,5,4,4,4,4,4,4,5,5,4,5,5,4,4,3,3,4,5,4,4,5,3,4,5,4,4,3,4,3,4,5,4,4
NA,Default Response Set,Anonymous,NA,NA,NA,0,3/15/13 11:07,3/15/13 11:20,1,1,NA,54,2,4,1,5,1,1,1,5,5,1,3,5,7,5,3,5,6,5,1,7,2,7,7,3,7,1,7,1,1,6,7,5,3,1,1,7,5,3,6,5,7,5,5,7,2,7,3,5,5,1,7,5,7,1,1,3,2,1,3,1,1,3,5,1,5,5,7,3,7,2,3,2,3,3,3,6,5,3,7,1,5,2,7,7,7,3,1,3,1,3
NA,Default Response Set,Anonymous,NA,NA,NA,0,3/15/13 10:56,3/15/13 11:20,1,1,NA,37,1,5,1,5,4,4,5,6,4,5,4,5,6,4,4,4,5,6,4,4,3,4,6,5,4,5,4,4,4,4,5,4,4,6,4,5,4,4,6,4,5,5,4,4,4,4,5,5,6,4,4,5,5,3,6,3,5,5,4,4,4,5,6,5,5,4,6,4,4,4,5,4,4,5,4,4,3,6,4,4,6,4,4,4,4,4,4,4,3,4
NA,Default Response Set,Anonymous,NA,NA,NA,0,3/15/13 10:41,3/15/13 11:21,1,1,NA,26,2,3,1,7,5,7,7,7,7,7,7,7,7,7,7,7,3,7,7,3,3,3,3,3,3,7,7,7,7,1,1,5,7,7,7,6,3,7,7,7,7,7,7,6,7,7,3,1,1,5,7,1,6,1,1,1,7,7,1,7,7,5,7,6,7,7,7,7,7,7,3,7,2,3,7,3,1,7,4,7,7,7,7,1,3,5,7,7,7,6
NA,Default Response Set,Anonymous,NA,NA,NA,0,3/15/13 11:12,3/15/13 11:21,1,1,NA,29,2,5,1,6,6,6,5,7,6,5,5,5,6,6,6,7,4,7,5,2,2,1,2,2,4,6,6,6,6,2,3,6,7,7,5,5,5,7,6,7,6,6,6,6,6,7,1,2,2,6,6,3,2,3,2,1,6,5,2,7,5,5,6,4,6,7,6,7,6,6,2,5,1,2,1,3,2,6,4,6,6,6,5,3,3,5,5,6,6,3
NA,Default Response Set,Anonymous,NA,NA,NA,0,3/15/13 11:11,3/15/13 11:21,1,1,NA,30,1,5,1,7,7,3,5,5,7,7,4,7,4,7,7,7,5,7,7,6,1,7,6,4,7,6,7,6,4,4,4,6,7,3,5,5,6,6,7,7,7,3,7,7,6,7,4,6,2,2,7,4,4,1,1,4,5,7,2,7,3,7,7,5,7,5,7,6,6,7,3,5,2,3,4,2,3,7,1,5,7,5,7,1,4,6,7,7,2,3
NA,Default Response Set,Anonymous,NA,NA,NA,0,3/15/13 11:16,3/15/13 11:21,1,1,NA,26,2,5,1,5,4,4,3,6,5,4,4,4,5,4,5,7,4,5,4,4,3,4,3,2,3,6,6,5,3,2,4,5,5,5,5,6,5,5,7,6,6,6,7,6,2,7,2,2,4,5,6,3,1,2,3,2,5,6,1,4,5,5,7,3,6,7,6,6,5,6,1,5,1,2,3,3,1,4,4,6,6,6,6,4,2,5,2,6,5,7
NA,Default Response Set,Anonymous,NA,NA,NA,0,3/15/13 11:17,3/15/13 11:21,1,1,NA,22,1,11,1,4,4,4,4,4,4,5,4,4,4,4,4,4,5,5,5,4,4,4,4,4,4,3,4,4,4,5,5,4,3,4,4,4,4,4,4,4,4,4,4,4,4,4,4,5,5,4,4,5,4,4,5,5,4,4,4,4,3,4,4,4,4,4,4,4,4,4,5,3,4,4,4,4,5,5,5,4,5,4,4,4,4,3,3,4,3,4
NA,Default Response Set,Anonymous,NA,NA,NA,0,3/15/13 11:12,3/15/13 11:22,1,1,NA,30,1,5,1,5,5,3,5,5,6,5,5,6,2,5,5,5,6,6,5,6,2,6,2,5,7,6,4,2,3,4,4,4,3,2,2,5,3,5,4,5,2,4,5,2,4,4,3,6,5,3,2,3,4,6,7,5,2,2,6,3,2,5,5,6,3,5,6,4,2,4,5,3,5,5,6,5,5,2,6,2,2,1,2,7,6,2,1,4,4,2
NA,Default Response Set,Anonymous,NA,NA,NA,0,3/15/13 11:11,3/15/13 11:22,1,1,NA,30,1,5,1,5,2,3,5,2,5,3,4,4,3,2,5,5,5,5,4,6,4,4,3,2,5,2,4,3,3,6,5,4,3,3,2,5,4,3,3,3,2,5,3,5,2,5,4,5,5,2,2,5,5,3,5,5,2,3,6,3,2,3,5,4,5,2,5,4,3,3,3,2,2,5,6,5,5,5,5,4,4,2,3,5,5,3,2,3,6,3
NA,Default Response Set,Anonymous,NA,NA,NA,0,3/15/13 11:05,3/15/13 11:22,1,1,NA,44,2,5,1,6,5,5,3,5,5,5,6,5,5,5,5,5,5,6,5,2,3,3,3,3,3,5,5,5,5,3,3,5,5,5,5,5,5,5,5,5,6,5,5,5,5,5,3,3,3,5,5,3,3,3,3,3,5,5,5,5,5,3,5,3,5,5,5,5,5,5,3,5,3,3,3,3,3,5,3,5,5,4,4,3,3,6,4,6,4,3
NA,Default Response Set,Anonymous,NA,NA,NA,0,3/15/13 11:13,3/15/13 11:22,1,1,NA,29,1,5,1,2,1,1,1,1,2,4,4,2,3,2,2,3,5,7,4,6,5,5,5,6,6,1,2,1,2,6,6,2,2,2,1,2,2,2,2,2,3,1,5,3,2,3,5,5,6,1,2,6,6,5,5,3,1,5,6,2,1,4,6,6,3,6,6,5,5,2,2,1,4,3,6,6,5,6,6,1,4,2,1,5,3,2,2,5,2,1
NA,Default Response Set,Anonymous,NA,NA,NA,0,3/15/13 11:12,3/15/13 11:22,1,1,NA,50,2,5,1,3,3,3,3,3,5,3,3,5,3,3,2,5,6,6,2,5,3,2,3,1,3,2,2,2,2,5,5,3,5,5,2,5,5,3,3,3,5,3,3,3,2,5,3,3,3,1,3,3,3,3,3,3,2,5,3,3,2,2,5,3,5,3,5,5,5,3,2,1,2,3,2,2,5,5,3,2,5,2,2,3,6,5,1,5,2,1
NA,Default Response Set,Anonymous,NA,NA,NA,0,3/15/13 11:12,3/15/13 11:23,1,1,NA,66,2,5,1,5,5,3,3,3,5,5,4,5,4,5,5,5,3,5,4,3,2,3,3,3,4,6,3,4,3,4,3,4,5,2,5,4,5,2,4,4,5,1,5,6,4,2,3,5,4,3,5,5,5,2,3,3,4,5,3,5,3,1,2,2,5,5,5,4,4,5,4,2,1,3,3,3,4,7,2,4,4,3,4,1,3,5,4,4,2,5
NA,Default Response Set,Anonymous,NA,NA,NA,0,3/15/13 11:14,3/15/13 11:23,1,1,NA,37,2,5,1,6,6,5,6,6,6,6,6,6,6,6,6,6,2,6,6,2,2,2,2,2,2,6,5,6,6,2,3,6,6,5,5,6,5,6,6,6,6,6,6,6,6,6,2,2,2,6,6,2,2,2,2,2,6,6,6,6,6,2,6,2,6,6,6,6,6,6,2,5,2,2,2,2,2,6,2,6,6,6,5,2,2,6,5,6,6,6
NA,Default Response Set,Anonymous,NA,NA,NA,0,3/15/13 10:54,3/15/13 11:23,1,1,NA,20,1,5,1,5,3,2,4,7,5,5,5,5,2,2,3,6,5,5,5,4,3,3,5,5,6,5,2,3,2,3,6,6,5,3,5,5,3,3,5,4,6,5,3,5,3,6,3,6,5,2,5,5,4,3,2,6,4,6,4,4,2,5,4,5,6,6,5,5,6,5,6,3,3,1,6,5,5,6,5,4,6,2,2,2,3,3,5,3,5,2
NA,Default Response Set,Anonymous,NA,NA,NA,0,3/15/13 11:21,3/15/13 11:23,1,1,NA,56,2,5,1,5,5,5,4,4,4,4,5,5,4,5,5,5,6,5,4,4,5,5,6,4,5,4,5,4,6,6,5,4,6,6,4,6,5,6,4,5,5,5,6,6,5,4,5,4,5,4,5,4,6,5,6,6,4,4,6,5,6,5,5,4,5,5,5,5,4,5,6,5,5,5,4,6,5,5,6,5,6,5,5,5,5,5,5,5,5,5
NA,Default Response Set,Anonymous,NA,NA,NA,0,3/15/13 11:18,3/15/13 11:23,1,1,NA,26,1,2,1,6,6,6,6,6,6,6,6,7,6,6,5,6,2,7,7,2,3,7,3,3,3,6,6,7,5,2,3,6,6,7,6,6,6,6,6,5,6,6,6,6,6,7,3,5,3,6,6,2,2,6,2,2,6,6,6,6,6,6,6,6,6,6,6,6,6,6,3,6,6,6,2,6,3,6,2,6,6,6,6,2,3,5,6,6,6,6
NA,Default Response Set,Anonymous,NA,NA,NA,0,3/15/13 11:14,3/15/13 11:23,1,1,NA,30,1,5,1,4,4,4,4,4,4,3,3,3,5,5,4,4,4,4,4,6,3,6,4,5,5,2,5,5,4,5,5,4,5,4,4,4,5,4,4,5,5,5,5,5,4,5,4,4,5,4,5,4,4,3,3,3,6,5,4,4,4,6,4,4,4,5,5,4,4,4,5,5,6,4,3,2,3,5,3,4,5,4,4,3,3,4,3,5,4,6
NA,Default Response Set,Anonymous,NA,NA,NA,0,3/15/13 11:14,3/15/13 11:24,1,1,NA,46,2,5,1,6,3,4,4,5,5,5,4,5,3,4,4,3,5,5,5,3,3,3,3,2,5,3,4,5,5,5,2,4,5,4,4,5,5,5,4,3,4,2,4,4,3,6,2,5,4,3,5,5,4,3,4,3,5,4,4,3,5,5,5,3,6,4,6,4,5,4,2,4,3,3,4,5,3,6,3,5,4,5,4,4,5,5,2,5,3,4
NA,Default Response Set,Anonymous,NA,NA,NA,0,3/15/13 11:10,3/15/13 11:24,1,1,NA,43,2,5,1,5,5,5,5,6,5,5,4,5,6,5,5,6,5,6,4,4,3,3,3,4,7,6,6,6,6,3,4,5,5,5,5,6,5,6,5,5,7,6,6,7,5,6,5,3,3,4,6,3,3,1,2,3,3,6,3,5,5,5,5,5,6,6,6,6,6,5,4,6,3,3,3,3,2,7,3,5,6,3,6,2,3,5,6,6,4,4
NA,Default Response Set,Anonymous,NA,NA,NA,0,3/15/13 11:21,3/15/13 11:25,1,1,NA,20,2,5,1,3,7,7,4,2,6,5,5,3,5,3,3,4,3,4,4,5,3,3,4,6,5,6,3,5,4,5,2,6,5,4,5,4,3,1,1,3,2,6,5,2,4,1,5,6,6,2,3,4,6,5,2,1,5,6,5,6,4,2,3,6,7,5,4,5,2,1,2,4,5,2,3,2,7,7,5,3,5,3,3,4,3,1,5,3,2,5
NA,Default Response Set,Anonymous,NA,NA,NA,0,3/15/13 11:11,3/15/13 11:25,1,1,NA,21,1,5,1,2,3,3,3,3,2,3,2,3,4,2,3,5,6,5,5,6,6,6,2,5,7,3,2,5,3,6,6,2,3,3,5,3,6,4,3,3,2,3,3,2,2,3,5,6,6,3,2,5,6,4,6,6,2,3,6,3,3,3,5,3,6,6,5,3,6,3,4,3,2,2,5,6,5,3,6,3,6,3,4,6,6,3,2,3,2,3
NA,Default Response Set,Anonymous,NA,NA,NA,0,3/15/13 11:15,3/15/13 11:25,1,1,NA,28,2,5,1,3,4,4,6,4,5,5,5,4,6,6,7,5,2,4,6,4,3,4,3,3,3,6,4,4,4,3,6,6,5,5,4,5,3,5,5,5,5,5,6,5,4,6,3,4,2,5,5,5,3,2,7,5,4,5,2,4,4,4,7,5,4,7,4,7,3,7,5,4,2,4,3,3,3,6,4,4,5,5,4,3,3,5,4,4,4,2
NA,Default Response Set,Anonymous,NA,NA,NA,0,3/15/13 11:16,3/15/13 11:25,1,1,NA,51,1,5,1,4,4,4,4,4,4,4,4,4,4,4,4,4,4,4,4,4,4,4,5,4,5,4,4,4,4,4,4,4,4,4,4,4,4,4,5,4,4,4,4,4,4,4,4,5,5,4,4,4,3,4,4,4,4,4,4,4,4,4,4,4,4,5,5,4,4,4,4,4,4,3,3,4,4,4,4,4,4,4,4,4,4,5,4,4,3,4
NA,Default Response Set,Anonymous,NA,NA,NA,0,3/15/13 11:17,3/15/13 11:25,1,1,NA,63,1,5,1,2,2,1,3,2,5,5,3,4,3,2,2,2,6,6,5,6,5,4,1,1,6,2,2,2,1,7,7,2,3,2,1,2,3,3,2,2,3,4,1,3,2,3,4,7,7,1,3,6,6,5,6,2,1,3,6,2,2,2,3,2,3,1,5,2,2,3,3,2,5,5,6,7,6,4,6,1,4,2,2,5,5,5,4,3,2,2
NA,Default Response Set,Anonymous,NA,NA,NA,0,3/15/13 11:17,3/15/13 11:25,1,1,NA,22,1,2,1,6,5,6,6,6,6,6,5,5,6,6,7,6,5,7,7,3,4,3,3,3,3,5,5,6,6,2,4,6,5,5,5,3,5,7,6,5,5,3,6,6,5,6,3,4,6,3,6,3,3,3,3,5,4,6,3,6,5,7,6,6,6,5,5,6,6,6,5,5,3,3,3,3,3,5,5,5,5,6,5,3,3,6,6,6,5,5
NA,Default Response Set,Anonymous,NA,NA,NA,0,3/15/13 11:21,3/15/13 11:25,1,1,NA,28,1,5,1,4,4,5,4,4,4,5,4,6,5,5,5,5,5,4,6,5,4,4,5,4,4,4,5,4,4,4,4,4,4,5,4,5,5,4,4,5,6,5,5,5,4,4,4,4,4,4,4,4,5,4,3,4,4,5,5,5,4,5,5,5,5,4,5,5,4,4,4,5,5,5,5,4,4,5,4,4,4,5,4,5,4,4,4,5,4,3
NA,Default Response Set,Anonymous,NA,NA,NA,0,3/15/13 11:17,3/15/13 11:26,1,1,NA,25,2,5,1,6,3,2,1,5,6,3,2,6,3,5,5,5,6,5,3,5,3,2,3,2,2,5,3,3,3,3,3,5,5,3,2,5,6,3,5,5,3,5,5,5,5,5,2,5,3,3,2,5,5,5,5,4,3,5,3,5,2,4,4,3,5,4,5,5,6,5,5,4,2,3,3,4,5,3,5,3,5,2,3,5,6,3,3,5,3,2
NA,Default Response Set,Anonymous,NA,NA,NA,0,3/15/13 11:02,3/15/13 11:26,1,1,NA,30,1,5,1,6,6,6,6,6,6,6,6,6,6,6,6,6,2,6,6,2,2,2,6,2,2,6,6,6,5,2,3,6,6,6,6,6,6,6,6,6,5,6,6,6,6,7,2,2,2,6,5,2,6,3,2,2,5,6,5,6,6,5,6,6,6,6,6,6,6,6,3,6,2,2,2,2,2,6,3,6,6,6,5,2,2,6,5,6,4,2
NA,Default Response Set,Anonymous,NA,NA,NA,0,3/15/13 11:15,3/15/13 11:26,1,1,NA,24,1,5,1,3,2,2,2,2,6,6,6,6,4,4,2,3,6,6,6,7,4,6,6,6,6,2,2,2,2,6,3,2,3,2,2,2,2,2,2,2,3,3,3,5,2,3,6,6,6,2,3,6,6,4,5,6,2,4,6,2,2,2,3,3,3,3,3,2,2,2,5,2,2,6,5,6,6,5,7,2,4,2,2,6,6,3,2,2,2,2
NA,Default Response Set,Anonymous,NA,NA,NA,0,3/15/13 11:19,3/15/13 11:27,1,1,NA,32,2,5,1,6,6,6,6,6,6,6,6,6,6,6,6,6,2,6,6,2,1,2,2,2,2,6,6,6,6,2,1,6,6,6,6,6,2,6,6,6,6,6,6,6,2,6,2,6,2,2,6,2,2,2,2,2,6,6,2,6,6,2,6,6,6,6,6,6,6,6,2,6,2,2,2,6,2,6,2,6,6,6,6,5,2,6,2,6,6,7
NA,Default Response Set,Anonymous,NA,NA,NA,0,3/15/13 11:16,3/15/13 11:27,1,1,NA,22,2,5,1,6,3,2,6,6,6,5,2,6,5,6,5,6,5,6,5,7,3,4,5,2,5,3,2,2,2,6,6,5,5,2,3,6,6,3,3,5,5,6,5,5,3,7,6,2,6,2,7,2,6,5,3,3,3,7,2,5,2,3,5,3,6,6,5,5,6,5,3,2,3,2,5,6,6,7,3,2,6,5,5,2,3,1,5,5,2,5
NA,Default Response Set,Anonymous,NA,NA,NA,0,3/15/13 11:23,3/15/13 11:27,1,1,NA,19,2,5,1,5,5,5,2,6,5,6,3,5,5,7,6,6,2,5,6,2,2,3,2,2,3,6,6,6,6,2,2,6,5,5,6,5,6,6,6,6,6,5,6,5,6,7,2,2,2,5,6,3,2,2,2,3,5,6,2,6,6,2,5,3,6,7,6,6,5,6,2,6,2,2,2,3,2,6,2,6,6,5,6,2,4,6,6,5,4,5
NA,Default Response Set,Anonymous,NA,NA,NA,0,3/15/13 11:19,3/15/13 11:28,1,1,NA,34,2,5,1,6,6,6,3,6,6,6,5,6,6,6,6,6,2,6,6,2,2,2,2,2,4,5,6,5,6,2,2,6,6,6,6,6,6,5,6,6,6,3,6,6,2,6,2,2,2,5,6,2,2,2,2,2,6,6,2,6,5,6,6,2,7,6,6,6,6,6,2,6,6,2,2,2,2,6,6,6,6,6,6,6,2,6,2,6,6,7
NA,Default Response Set,Anonymous,NA,NA,NA,0,3/15/13 11:25,3/15/13 11:28,1,1,NA,25,1,5,1,4,4,4,3,3,4,4,4,5,4,4,4,5,5,5,4,3,4,5,5,3,5,5,5,5,6,4,4,3,2,3,5,6,6,3,6,5,3,5,6,4,6,5,5,5,3,6,6,5,4,5,6,5,5,5,5,5,5,3,6,5,4,4,4,4,4,4,5,5,3,5,3,5,6,5,4,3,3,4,3,4,4,7,6,4,4,4
NA,Default Response Set,Anonymous,NA,NA,NA,0,3/15/13 11:19,3/15/13 11:29,1,1,NA,20,1,5,1,5,5,1,3,3,5,6,4,5,5,6,5,2,5,7,6,3,3,5,3,5,5,7,5,2,2,2,5,3,3,2,2,3,2,5,4,5,3,5,2,5,2,5,3,6,5,5,6,5,3,3,4,5,2,6,5,3,2,4,2,5,3,5,3,6,7,6,5,3,5,3,5,5,5,5,3,3,5,2,5,3,4,5,5,2,5,1
NA,Default Response Set,Anonymous,NA,NA,NA,0,3/15/13 11:18,3/15/13 11:29,1,1,NA,27,1,11,1,4,4,4,4,4,4,5,4,5,4,4,4,5,4,6,4,4,4,4,4,4,5,4,4,4,4,4,4,4,4,4,4,4,4,4,4,4,4,4,5,4,4,4,4,4,4,4,4,4,4,4,4,4,4,4,4,4,4,4,4,4,4,4,4,4,4,4,4,1,4,4,4,4,4,4,4,4,4,4,4,4,4,5,4,4,4,1
NA,Default Response Set,Anonymous,NA,NA,NA,0,3/15/13 11:20,3/15/13 11:29,1,1,NA,24,1,5,1,5,3,2,3,5,5,4,3,4,3,5,4,5,2,4,4,5,4,4,3,5,5,5,4,3,2,5,5,5,4,2,3,4,5,3,4,3,5,5,5,3,4,5,3,5,5,2,4,5,5,3,3,4,4,4,5,4,3,5,4,3,5,5,5,4,5,4,4,3,4,5,5,5,5,5,4,3,5,3,3,4,4,3,3,5,3,3
NA,Default Response Set,Anonymous,NA,NA,NA,0,3/15/13 11:20,3/15/13 11:29,1,1,NA,23,1,5,1,6,5,6,5,6,5,6,5,5,6,6,5,6,3,6,6,2,2,2,2,2,2,6,6,2,6,2,2,6,5,6,5,5,6,6,5,6,6,5,5,3,6,6,2,2,2,5,6,2,2,2,2,2,6,3,3,6,6,6,6,5,5,6,5,5,6,5,2,6,2,2,2,4,2,3,6,6,5,6,5,3,2,6,3,6,5,5
NA,Default Response Set,Anonymous,NA,NA,NA,0,3/15/13 11:26,3/15/13 11:29,1,1,NA,21,1,10,1,5,5,5,3,3,5,5,4,3,3,4,5,5,3,6,5,5,3,6,3,5,5,5,3,4,3,5,3,4,3,4,4,5,5,4,5,3,3,5,3,4,5,3,5,4,5,5,3,3,5,3,3,3,5,5,5,3,3,3,3,5,4,3,5,3,6,4,5,5,5,4,5,3,3,5,5,3,3,5,5,3,4,3,5,4,3,4
NA,Default Response Set,Anonymous,NA,NA,NA,0,3/15/13 11:21,3/15/13 11:29,1,1,NA,42,1,5,1,5,5,3,5,5,6,4,4,5,3,5,5,6,4,6,5,4,3,3,3,2,3,5,5,3,5,3,4,5,4,4,2,4,6,5,4,5,5,6,5,6,1,5,2,3,3,4,4,3,3,2,2,3,4,6,3,5,3,5,4,5,5,4,6,5,5,5,3,2,2,3,4,3,4,4,2,4,4,2,3,4,5,5,2,5,3,2
NA,Default Response Set,Anonymous,NA,NA,NA,0,3/15/13 11:20,3/15/13 11:29,1,1,NA,31,1,5,1,5,5,5,4,5,4,5,5,6,5,5,5,6,3,5,6,3,3,3,3,3,4,4,5,5,5,3,3,4,5,4,5,4,5,6,5,5,5,5,5,6,5,6,3,4,3,5,5,3,4,3,4,3,5,5,5,5,5,4,5,4,7,5,6,6,5,5,5,5,3,3,5,4,3,7,3,5,5,5,5,3,3,5,5,5,5,3
NA,Default Response Set,Anonymous,NA,NA,NA,0,3/15/13 11:11,3/15/13 11:30,1,1,NA,24,2,4,1,7,4,4,5,5,7,7,5,7,5,7,4,5,5,7,7,5,1,3,6,1,7,4,5,3,2,4,7,5,5,3,3,4,7,5,5,6,4,7,6,7,7,7,2,7,6,4,4,5,7,5,5,3,7,7,7,5,5,5,4,5,7,7,6,4,4,4,4,7,7,7,5,7,6,5,3,7,7,5,7,7,3,1,2,5,7,5
NA,Default Response Set,Anonymous,NA,NA,NA,0,3/15/13 11:24,3/15/13 11:30,1,1,NA,20,1,5,1,5,6,6,5,7,6,7,6,6,6,6,7,6,7,6,6,5,6,3,2,7,6,6,6,6,6,1,5,6,7,7,6,6,6,5,6,6,6,6,6,6,7,7,7,6,2,2,5,6,6,7,6,2,6,7,7,6,5,6,7,6,7,7,7,6,7,6,2,6,2,6,2,6,1,6,3,7,3,5,6,6,1,6,6,5,6,6
NA,Default Response Set,Anonymous,NA,NA,NA,0,3/15/13 11:21,3/15/13 11:30,1,1,NA,58,2,5,1,2,2,2,2,2,2,2,2,4,2,2,2,3,6,5,4,6,4,4,7,5,6,2,2,2,2,6,2,2,2,2,2,3,4,2,2,2,2,2,2,4,3,2,4,6,5,2,2,2,5,5,6,2,2,4,6,2,2,5,2,5,2,2,4,2,2,2,3,2,2,2,6,2,2,5,3,2,3,2,2,4,2,3,2,2,2,1
NA,Default Response Set,Anonymous,NA,NA,NA,0,3/15/13 11:11,3/15/13 11:30,1,1,NA,32,2,4,1,4,2,2,4,4,4,1,2,5,2,4,4,4,7,4,4,7,4,1,6,7,7,4,3,1,4,7,7,4,3,1,1,4,4,4,1,4,4,4,1,6,2,5,6,7,1,1,4,6,7,4,7,7,1,4,7,1,1,4,1,7,4,4,5,4,6,3,6,1,6,7,6,7,7,5,7,4,5,1,4,7,6,2,1,4,1,1
NA,Default Response Set,Anonymous,NA,NA,NA,0,3/15/13 11:23,3/15/13 11:31,1,1,NA,22,2,5,1,5,5,5,5,5,5,5,5,5,5,5,5,5,5,5,4,5,5,5,5,3,4,5,5,5,5,3,5,5,5,5,5,5,5,5,5,5,5,5,5,5,5,5,5,5,3,5,5,5,5,2,2,3,5,5,4,5,5,5,5,5,5,5,5,5,5,5,5,5,5,5,5,5,2,5,4,5,5,5,5,5,3,5,5,5,5,6
NA,Default Response Set,Anonymous,NA,NA,NA,0,3/15/13 11:16,3/15/13 11:31,1,1,NA,52,1,5,1,3,2,2,4,4,4,3,2,4,3,4,2,4,6,5,4,6,5,4,6,4,6,2,3,2,2,7,7,4,2,2,2,2,4,2,4,2,3,4,4,2,2,3,4,6,6,2,3,7,5,6,4,4,2,4,6,3,2,5,4,5,4,4,5,2,4,3,3,2,4,7,5,5,6,4,6,2,5,3,2,4,6,2,2,3,2,2
NA,Default Response Set,Anonymous,NA,NA,NA,0,3/15/13 11:24,3/15/13 11:31,1,1,NA,23,1,4,1,6,5,5,1,4,5,6,5,6,6,6,5,5,4,5,5,5,4,1,4,2,1,4,5,5,5,3,5,5,5,4,5,5,5,5,5,5,4,5,5,5,6,5,2,4,4,5,6,4,5,2,4,2,6,6,1,5,5,3,6,5,5,7,6,5,6,5,2,2,2,4,1,5,3,6,5,5,5,5,6,5,4,6,3,5,5,5
NA,Default Response Set,Anonymous,NA,NA,NA,0,3/15/13 11:28,3/15/13 11:31,1,1,NA,30,1,5,1,4,6,5,4,5,4,4,4,4,6,5,5,5,4,3,4,4,6,4,6,5,4,5,5,5,3,3,5,5,5,5,4,6,4,4,3,4,4,5,5,5,4,3,4,3,3,5,6,4,4,5,3,4,4,4,4,4,4,4,4,6,3,4,6,5,5,5,4,4,4,5,5,4,4,4,4,5,5,3,4,5,5,5,3,5,5,6
NA,Default Response Set,Anonymous,NA,NA,NA,0,3/15/13 11:27,3/15/13 11:31,1,1,NA,23,1,5,1,6,6,4,7,6,7,6,6,6,7,5,6,6,7,6,6,6,6,7,5,7,6,7,5,4,6,2,6,2,6,7,5,7,6,5,5,6,5,3,4,6,5,5,5,6,2,3,6,3,6,7,6,6,5,5,4,7,5,5,6,6,4,4,3,5,7,3,6,5,4,5,7,3,4,6,7,5,4,7,7,5,7,6,6,7,5,6
NA,Default Response Set,Anonymous,NA,NA,NA,0,3/15/13 11:21,3/15/13 11:31,1,1,NA,42,1,5,1,5,5,5,5,5,5,5,6,5,5,5,5,5,3,6,6,3,2,3,3,3,3,5,5,5,5,3,3,5,5,5,5,5,5,6,5,5,5,5,5,6,5,5,2,3,3,3,5,3,2,2,3,3,5,6,3,5,5,3,5,5,5,5,5,5,5,5,2,5,2,3,3,3,3,6,3,5,6,5,5,3,2,6,5,5,5,5
NA,Default Response Set,Anonymous,NA,NA,NA,0,3/15/13 11:03,3/15/13 11:31,1,1,NA,25,2,5,1,5,5,5,2,7,6,4,3,6,5,6,5,6,4,5,4,4,3,3,3,3,5,5,4,7,5,5,7,5,6,5,6,6,5,5,6,5,6,6,7,6,5,6,2,2,2,6,5,2,3,2,3,2,5,6,3,5,5,3,6,3,6,6,6,6,6,5,3,5,3,2,4,5,2,6,5,5,5,5,6,2,5,5,6,6,5,5
NA,Default Response Set,Anonymous,NA,NA,NA,0,3/15/13 11:28,3/15/13 11:32,1,1,NA,26,2,5,1,5,5,5,6,5,5,6,5,6,4,5,6,6,5,4,6,6,4,5,5,5,5,4,6,5,4,5,5,5,6,5,6,4,4,6,4,6,5,5,5,6,4,4,5,5,6,5,6,4,5,5,4,5,6,4,5,5,6,5,4,5,6,5,6,4,4,6,5,5,4,5,5,5,5,5,4,5,6,5,5,4,6,4,3,5,4,5
NA,Default Response Set,Anonymous,NA,NA,NA,0,3/15/13 10:55,3/15/13 11:32,1,1,NA,41,2,5,1,5,5,5,5,5,5,4,5,5,6,5,6,6,3,5,5,3,3,3,3,3,3,5,6,5,5,3,4,5,5,5,5,4,5,5,5,6,6,6,5,6,5,6,3,3,3,3,6,3,3,2,3,3,5,6,3,5,5,4,5,3,5,5,5,6,6,6,3,5,3,3,3,3,3,6,3,5,6,5,6,2,3,5,5,6,6,5
NA,Default Response Set,Anonymous,NA,NA,NA,0,3/15/13 11:16,3/15/13 11:32,1,1,NA,24,1,5,1,5,3,3,3,5,5,6,6,5,5,6,3,5,5,6,6,6,3,5,5,3,5,6,3,3,5,5,3,5,6,3,3,5,5,2,5,5,2,3,3,5,2,6,3,5,5,3,3,5,5,5,5,5,3,4,3,5,3,6,4,2,6,4,5,5,5,3,2,3,3,5,3,6,5,5,5,3,5,6,5,5,3,3,3,5,3,2
NA,Default Response Set,Anonymous,NA,NA,NA,0,3/15/13 11:25,3/15/13 11:33,1,1,NA,20,1,5,1,5,5,5,5,2,6,5,5,7,6,5,6,6,5,7,7,5,4,5,7,6,7,6,5,7,5,5,6,7,5,7,6,5,7,6,7,5,5,2,7,6,7,6,6,6,2,5,5,5,7,6,5,4,7,4,6,6,3,6,6,7,7,7,7,6,5,6,1,5,6,4,7,5,7,6,1,6,7,7,4,5,6,7,7,6,6,7
NA,Default Response Set,Anonymous,NA,NA,NA,0,3/15/13 11:25,3/15/13 11:33,1,1,NA,26,1,5,1,3,3,3,3,3,3,4,5,4,3,4,3,3,5,5,4,5,4,3,5,4,3,5,3,3,3,4,6,3,3,3,3,3,4,3,3,3,3,3,3,3,3,4,5,3,5,3,3,5,3,5,3,5,3,3,3,3,3,4,3,3,3,3,4,3,4,3,4,3,5,3,5,5,5,4,5,3,4,3,3,5,5,3,3,3,3,3
NA,Default Response Set,Anonymous,NA,NA,NA,0,3/15/13 11:23,3/15/13 11:33,1,1,NA,53,1,5,1,5,4,5,4,5,5,5,5,5,4,5,5,3,5,6,5,3,3,4,3,4,4,6,4,5,5,3,2,4,5,5,5,5,5,5,5,5,5,5,5,5,5,5,4,3,3,5,4,3,4,4,4,3,5,4,3,4,4,3,5,3,5,5,6,5,6,4,5,5,3,3,3,4,3,4,5,5,5,3,3,5,5,5,3,5,4,3
NA,Default Response Set,Anonymous,NA,NA,NA,0,3/15/13 11:22,3/15/13 11:33,1,1,NA,20,1,2,1,5,5,3,3,5,5,6,5,6,3,3,3,3,5,6,6,5,4,3,6,5,6,5,3,5,3,3,6,3,3,2,3,2,2,5,3,5,2,5,3,3,3,3,3,6,6,2,3,6,6,3,6,5,6,3,5,5,3,5,5,6,2,5,5,3,5,3,5,3,3,4,5,5,5,5,5,2,5,3,3,4,5,5,3,5,3,3
NA,Default Response Set,Anonymous,NA,NA,NA,0,3/15/13 11:26,3/15/13 11:34,1,1,NA,27,2,5,1,6,5,6,5,7,5,5,5,5,6,5,5,7,3,6,6,2,2,2,2,3,5,6,6,6,5,2,5,5,6,5,5,6,5,5,6,6,7,5,6,5,5,6,2,3,2,5,7,3,3,1,2,2,5,6,5,5,6,5,6,2,7,6,6,6,6,5,2,6,3,2,2,3,2,7,2,6,6,5,5,2,2,5,5,5,5,3
NA,Default Response Set,Anonymous,NA,NA,NA,0,3/15/13 11:27,3/15/13 11:34,1,1,NA,23,2,5,1,6,5,5,5,6,6,5,5,6,5,5,5,6,4,6,5,3,3,2,3,2,6,5,5,5,5,3,3,5,5,5,5,5,5,6,5,5,6,5,6,6,6,6,3,2,3,5,5,2,3,2,2,3,3,5,3,5,4,5,6,2,6,6,6,5,6,5,2,5,3,2,3,3,3,6,3,5,5,5,5,3,3,2,5,5,5,5
NA,Default Response Set,Anonymous,NA,NA,NA,0,3/15/13 11:19,3/15/13 11:34,1,1,NA,19,1,5,1,5,3,2,2,6,4,5,6,6,2,5,4,6,4,6,4,6,3,3,5,4,6,6,4,2,3,6,6,4,1,2,2,2,5,3,4,5,2,2,3,3,5,6,3,7,6,1,4,6,6,6,3,4,2,5,4,4,2,3,5,2,6,5,5,5,6,4,3,2,6,6,3,5,5,4,4,2,4,2,3,4,4,2,2,4,2,5
NA,Default Response Set,Anonymous,NA,NA,NA,0,3/15/13 11:21,3/15/13 11:34,1,1,NA,36,2,5,1,6,5,6,6,5,6,3,5,5,4,5,5,6,4,6,5,3,4,3,3,3,5,6,6,4,5,4,4,5,4,3,5,6,4,5,6,6,5,6,5,5,6,5,2,5,5,5,5,3,4,3,3,3,5,4,3,6,5,4,5,5,6,5,7,7,5,6,2,5,4,4,3,4,3,4,7,6,6,5,5,4,6,3,4,5,2,6
NA,Default Response Set,Anonymous,NA,NA,NA,0,3/15/13 11:20,3/15/13 11:34,1,1,NA,22,1,5,1,3,3,2,3,3,4,5,2,4,4,5,3,3,5,5,3,6,3,5,5,5,6,3,5,3,2,5,6,3,2,6,2,2,2,2,5,3,3,3,3,5,2,4,5,6,5,3,6,6,6,3,3,5,2,6,5,3,3,4,3,6,5,3,4,3,2,3,5,3,5,5,3,3,5,4,5,3,5,3,4,5,5,2,3,3,2,2
NA,Default Response Set,Anonymous,NA,NA,NA,0,3/15/13 11:09,3/15/13 11:34,1,1,NA,27,2,7,1,4,5,2,4,5,4,5,5,6,6,6,5,4,3,6,6,4,6,3,4,7,7,6,6,3,5,5,3,6,6,6,3,5,4,5,3,5,5,4,5,5,6,5,3,5,4,5,7,4,4,2,5,4,3,4,5,2,4,4,4,5,5,5,5,5,5,5,6,6,6,5,6,3,5,7,2,5,7,5,5,2,2,6,7,4,4,5
NA,Default Response Set,Anonymous,NA,NA,NA,0,3/15/13 11:25,3/15/13 11:34,1,1,NA,25,2,5,1,5,5,3,5,5,5,5,5,5,4,5,5,5,3,5,6,3,3,2,2,2,3,5,5,4,5,3,3,5,5,4,4,3,5,5,5,5,6,5,5,5,5,7,2,3,1,4,5,3,2,3,3,2,4,5,3,5,4,5,5,3,5,5,5,6,6,5,1,6,1,2,3,4,3,5,3,5,6,4,5,3,3,4,5,7,5,3
NA,Default Response Set,Anonymous,NA,NA,NA,0,3/15/13 11:27,3/15/13 11:35,1,1,NA,23,1,5,1,6,3,2,4,5,4,6,6,6,3,5,5,5,5,6,6,5,3,5,3,3,5,5,5,3,3,5,3,4,3,2,3,5,5,4,3,5,5,3,3,7,3,3,3,5,5,3,5,5,5,3,3,5,3,5,4,5,2,3,5,3,5,3,5,5,5,5,5,2,3,4,3,5,3,5,5,3,5,2,4,3,5,5,3,3,2,3
NA,Default Response Set,Anonymous,NA,NA,NA,0,3/15/13 11:28,3/15/13 11:35,1,1,NA,25,1,5,1,6,4,3,4,6,6,4,3,4,5,5,5,3,3,5,5,4,3,2,3,4,6,6,4,3,3,3,4,5,4,4,3,5,3,4,5,5,5,5,5,6,4,6,2,3,3,4,3,4,3,4,3,3,3,6,3,4,3,4,6,4,5,5,6,5,5,4,3,5,3,2,2,4,3,6,3,3,4,4,4,3,2,4,4,6,4,4
NA,Default Response Set,Anonymous,NA,NA,NA,0,3/15/13 11:22,3/15/13 11:36,1,1,NA,32,1,5,1,1,1,1,1,1,1,1,1,1,1,1,1,1,7,1,1,7,7,6,5,7,7,1,1,1,1,1,7,2,1,1,1,2,6,1,1,2,5,2,3,1,1,4,7,7,7,2,4,6,7,7,3,5,1,5,5,1,3,5,1,6,2,2,5,2,1,1,5,2,5,6,7,6,7,7,2,1,5,1,1,1,2,1,7,3,1,1
NA,Default Response Set,Anonymous,NA,NA,NA,0,3/15/13 11:23,3/15/13 11:36,1,1,NA,29,1,5,1,4,4,3,3,3,4,4,2,4,3,5,2,4,6,5,5,5,3,5,4,5,5,3,3,3,3,6,6,3,2,2,2,4,5,2,3,2,5,5,2,5,3,5,4,6,6,2,5,6,5,6,3,3,2,5,5,3,3,4,3,6,4,4,4,4,6,4,2,2,4,5,5,5,6,6,6,3,5,2,3,3,5,2,3,3,2,3
NA,Default Response Set,Anonymous,NA,NA,NA,0,3/15/13 11:04,3/15/13 11:36,1,1,NA,28,1,6,1,5,4,3,5,3,5,3,3,6,3,6,3,5,6,5,4,6,5,4,4,3,3,6,3,3,3,5,7,4,6,4,3,5,4,3,5,5,3,5,5,5,3,4,2,4,3,3,4,3,3,3,2,2,3,5,2,3,3,2,4,3,4,4,6,4,5,3,2,3,3,3,2,5,6,6,5,3,6,3,2,5,3,3,3,3,3,3
NA,Default Response Set,Anonymous,NA,NA,NA,0,3/15/13 11:28,3/15/13 11:37,1,1,NA,38,1,5,1,5,3,3,6,6,5,4,4,5,3,5,4,5,4,6,4,3,3,4,3,4,5,5,3,3,3,3,3,5,6,5,4,6,6,6,6,6,4,5,6,3,5,5,2,3,3,3,3,3,2,3,3,3,3,5,3,5,3,3,5,4,5,6,6,5,5,5,3,2,3,3,2,3,3,5,6,3,5,3,5,3,3,3,3,5,3,4
NA,Default Response Set,Anonymous,NA,NA,NA,0,3/15/13 11:29,3/15/13 11:37,1,1,NA,63,1,5,1,1,1,1,4,1,1,1,1,1,1,1,1,1,7,2,1,6,6,7,7,4,4,1,1,1,1,6,6,1,1,1,1,1,4,1,1,1,1,1,1,1,1,1,4,6,6,1,1,7,6,4,6,6,1,1,1,1,1,1,1,1,1,1,1,1,4,1,7,1,4,6,6,7,7,1,5,1,1,1,1,6,7,6,1,1,1,1
NA,Default Response Set,Anonymous,NA,NA,NA,0,3/15/13 11:12,3/15/13 11:38,1,1,NA,25,1,2,1,5,5,5,5,5,6,6,6,5,4,5,5,6,4,6,6,3,3,2,2,2,3,5,5,2,5,3,3,5,4,5,3,6,5,6,5,5,6,6,5,5,4,5,2,2,3,3,4,2,4,3,3,3,5,5,2,5,4,5,6,3,5,5,6,5,5,4,2,5,3,2,3,3,3,5,2,4,6,4,5,3,3,5,4,5,4,3
NA,Default Response Set,Anonymous,NA,NA,NA,0,3/15/13 11:28,3/15/13 11:38,1,1,NA,27,1,2,1,5,6,2,3,1,4,2,2,5,5,7,7,3,5,7,2,7,1,3,7,6,7,5,7,2,2,6,7,7,3,3,3,3,7,2,3,6,7,3,3,7,3,3,6,5,6,6,7,7,7,3,3,6,2,7,3,3,4,3,3,3,2,2,6,2,3,7,6,3,5,5,5,3,4,7,2,4,7,3,7,2,1,6,7,5,2,5
NA,Default Response Set,Anonymous,NA,NA,NA,0,3/15/13 11:17,3/15/13 11:38,1,1,NA,62,1,5,1,6,6,5,6,6,6,6,7,6,6,6,7,6,2,6,6,1,1,1,2,4,1,7,5,5,6,1,1,6,6,6,4,6,5,6,6,6,5,6,6,6,6,6,1,1,1,5,6,2,1,1,2,1,6,4,1,6,1,1,6,2,6,6,7,6,6,6,1,4,1,1,2,2,1,4,3,6,5,6,4,5,5,5,1,6,6,5
NA,Default Response Set,Anonymous,NA,NA,NA,0,3/15/13 11:30,3/15/13 11:40,1,1,NA,29,1,5,1,7,4,3,1,5,7,4,6,7,5,7,5,5,5,7,5,4,3,3,3,2,3,2,3,2,4,2,3,6,6,1,1,7,6,7,5,5,3,4,6,7,2,6,2,3,3,2,6,3,3,3,1,1,2,6,2,5,4,1,6,1,6,5,7,5,4,6,3,1,2,2,3,3,2,7,3,2,6,2,3,3,3,4,4,5,5,1
NA,Default Response Set,Anonymous,NA,NA,NA,0,3/15/13 11:17,3/15/13 11:40,1,1,NA,54,1,5,1,5,3,2,5,6,6,4,5,7,2,4,2,5,6,6,6,5,2,4,6,3,3,6,2,2,5,6,3,3,7,4,5,6,7,3,5,5,6,6,6,6,2,6,2,6,6,3,5,6,5,5,5,3,3,5,5,3,5,2,6,3,7,6,7,7,6,2,2,1,2,6,5,6,7,7,7,4,7,2,5,6,7,2,1,6,2,1
NA,Default Response Set,Anonymous,NA,NA,NA,0,3/15/13 11:10,3/15/13 11:40,1,1,NA,26,1,4,1,6,3,2,5,3,2,3,6,3,2,6,6,6,2,5,5,2,2,3,2,2,5,2,5,5,3,3,2,2,6,6,3,3,3,5,6,2,2,6,2,6,2,6,5,5,3,2,2,2,2,6,2,2,3,1,5,6,1,3,6,3,2,5,3,6,3,5,2,5,3,2,3,5,5,5,5,3,3,5,3,3,3,3,3,5,2,2
NA,Default Response Set,Anonymous,NA,NA,NA,0,3/15/13 11:27,3/15/13 11:41,1,1,NA,22,1,5,1,4,4,2,2,4,6,5,3,5,1,5,4,5,6,4,4,5,4,3,2,3,5,2,2,4,3,3,3,5,4,4,5,5,5,4,4,4,1,5,4,3,4,5,1,4,4,2,1,5,7,4,4,2,2,3,2,4,5,4,5,5,5,6,6,5,5,4,2,5,2,4,3,6,2,5,6,2,5,3,1,6,6,5,1,5,3,2
NA,Default Response Set,Anonymous,NA,NA,NA,0,3/15/13 11:30,3/15/13 11:42,1,1,NA,26,1,5,1,5,5,4,5,5,5,5,5,5,5,6,6,6,5,4,5,5,5,5,5,3,5,5,6,4,5,5,3,4,5,3,4,5,5,5,6,5,5,5,3,5,5,5,3,3,5,4,4,3,4,4,5,5,5,5,5,5,3,5,5,5,5,5,3,5,5,6,5,6,3,5,3,3,3,5,5,5,5,5,5,3,5,6,7,4,5,6
NA,Default Response Set,Anonymous,NA,NA,NA,0,3/15/13 11:11,3/15/13 11:42,1,1,NA,22,1,5,1,4,2,4,5,4,4,4,3,4,3,4,3,5,3,6,4,5,3,4,4,4,6,4,5,4,5,5,5,3,5,4,5,6,6,5,5,4,7,3,5,6,4,5,2,2,4,5,4,2,4,3,3,4,5,7,3,4,2,5,4,7,4,4,4,5,6,4,4,4,3,5,5,1,4,6,3,4,4,4,4,3,4,4,4,4,2,3
NA,Default Response Set,Anonymous,NA,NA,NA,0,3/15/13 11:29,3/15/13 11:43,1,1,NA,28,2,5,1,5,5,3,3,5,5,4,2,6,6,5,5,6,3,6,4,3,1,2,3,2,2,1,6,2,4,5,2,5,6,4,3,3,1,3,5,5,6,4,4,7,3,6,2,3,5,2,6,2,5,1,2,3,3,7,2,5,3,5,6,5,6,4,6,5,6,5,2,6,5,3,3,2,3,7,3,3,7,4,3,1,3,4,5,6,5,2
NA,Default Response Set,Anonymous,NA,NA,NA,0,3/15/13 11:21,3/15/13 11:43,1,1,NA,33,2,5,1,6,5,6,2,6,7,6,7,6,7,6,5,6,2,7,6,2,2,2,2,2,2,7,6,6,6,2,2,6,6,6,6,5,5,6,6,6,6,5,6,6,6,6,1,2,1,6,6,2,1,2,2,2,6,6,2,6,6,4,6,5,6,6,5,5,6,6,2,6,1,2,2,2,2,5,3,6,6,6,6,3,2,6,4,6,5,6
NA,Default Response Set,Anonymous,NA,NA,NA,0,3/15/13 11:19,3/15/13 11:44,1,1,NA,58,1,11,1,6,5,4,5,5,6,6,5,6,3,6,5,6,4,6,6,5,2,3,3,2,5,3,4,5,5,3,3,6,5,5,3,5,3,5,6,6,5,6,6,7,5,6,2,3,3,3,5,5,3,2,3,3,3,7,3,6,3,6,5,2,6,7,6,5,6,5,3,5,2,2,3,3,3,6,2,3,6,2,4,2,5,4,5,6,2,5
NA,Default Response Set,Anonymous,NA,NA,NA,0,3/15/13 11:24,3/15/13 11:45,1,1,NA,60,1,5,1,4,5,6,2,7,5,4,3,6,7,4,5,4,7,7,5,4,5,2,2,2,3,2,5,6,6,1,7,6,6,3,6,7,4,6,7,7,7,5,7,6,2,6,2,2,1,2,7,3,1,1,2,1,5,7,1,4,3,1,7,1,7,7,7,7,6,6,1,2,1,1,1,2,2,7,2,3,6,3,5,2,2,6,2,6,2,3
NA,Default Response Set,Anonymous,NA,NA,NA,0,3/15/13 11:28,3/15/13 11:45,1,1,NA,47,1,5,1,4,3,2,3,2,3,3,2,5,3,4,3,4,4,5,5,5,3,3,4,6,6,2,3,3,3,6,5,5,1,2,2,3,4,3,5,3,4,4,3,3,3,6,4,6,6,2,5,5,6,4,5,5,3,6,5,2,3,2,3,3,6,5,6,3,6,3,5,5,3,6,4,3,5,5,6,3,5,3,5,5,5,3,3,3,3,6
NA,Default Response Set,Anonymous,NA,NA,NA,0,3/15/13 11:43,3/15/13 11:53,1,1,NA,24,1,5,1,5,5,3,4,4,5,3,4,6,5,5,4,5,6,6,5,5,2,5,3,4,5,4,5,3,3,6,5,3,3,3,4,4,3,4,4,4,4,4,4,3,4,5,4,5,5,4,3,4,5,5,3,3,3,5,5,4,5,4,5,3,4,4,5,3,5,3,4,5,3,3,4,3,5,5,4,3,4,3,5,4,4,3,3,4,5,2
NA,Default Response Set,Anonymous,NA,NA,NA,0,3/15/13 11:39,3/15/13 11:53,1,1,NA,23,1,5,1,6,3,2,2,3,6,2,2,3,2,3,2,5,5,3,2,6,2,6,7,6,7,2,2,2,3,6,7,3,3,3,3,5,7,4,3,3,5,3,3,3,2,5,2,6,6,2,3,6,5,3,6,3,3,5,3,3,3,3,3,5,5,3,5,5,5,3,3,2,5,3,5,5,5,5,6,3,3,2,2,5,5,3,3,3,2,3
NA,Default Response Set,Anonymous,NA,NA,NA,0,3/15/13 11:28,3/15/13 11:57,1,1,NA,62,2,5,1,3,2,1,5,2,2,2,3,5,6,2,2,5,6,6,3,6,5,5,3,5,6,3,5,2,2,5,6,2,3,1,2,2,7,2,2,2,7,5,2,7,2,5,3,6,6,1,6,2,5,2,2,6,6,6,3,2,2,2,3,5,2,2,7,5,5,2,5,3,2,6,5,5,6,6,3,2,6,2,3,2,2,2,5,2,2,2
NA,Default Response Set,Anonymous,NA,NA,NA,0,3/15/13 11:51,3/15/13 12:00,1,1,NA,29,1,5,1,6,6,5,5,6,5,6,6,5,6,5,6,5,5,7,6,2,2,2,2,2,3,5,5,6,6,2,1,6,6,5,4,4,4,6,5,6,5,5,5,6,4,5,2,3,2,5,5,3,4,2,2,1,5,6,1,6,5,4,6,4,6,6,6,6,7,5,2,4,2,3,2,2,1,4,2,5,5,5,5,3,2,5,4,6,5,5
NA,Default Response Set,Anonymous,NA,NA,NA,0,3/15/13 11:50,3/15/13 12:02,1,1,NA,29,1,7,1,4,5,4,4,4,5,5,5,5,5,5,5,5,5,5,6,6,3,3,6,3,6,4,4,5,6,3,7,5,5,4,2,5,7,6,5,4,4,5,5,5,6,5,4,5,5,6,6,4,6,4,3,4,3,5,5,5,4,5,4,5,5,5,5,4,5,5,3,6,3,4,3,3,5,5,3,4,6,5,4,3,3,4,4,6,4,4
NA,Default Response Set,Anonymous,NA,NA,NA,0,3/15/13 11:32,3/15/13 12:13,1,1,NA,42,2,5,1,6,5,6,5,5,5,5,4,5,5,5,5,6,4,6,5,3,1,3,2,1,2,5,5,5,6,2,3,7,6,4,6,6,5,5,5,4,6,5,5,5,5,6,3,2,2,5,5,1,3,1,3,1,5,5,1,5,6,1,6,4,5,5,7,5,7,5,3,5,1,1,1,2,1,5,3,6,6,6,5,1,1,5,4,5,5,6
NA,Default Response Set,Anonymous,NA,NA,NA,0,3/15/13 12:07,3/15/13 12:15,1,1,NA,28,1,5,1,4,3,3,3,5,3,4,3,4,4,4,4,4,5,6,4,6,4,4,3,5,6,4,5,3,4,3,5,3,3,2,3,3,6,4,3,4,5,3,3,5,4,5,5,6,6,2,5,6,6,3,4,5,3,5,6,4,3,4,3,4,5,4,5,6,5,4,5,3,5,5,5,5,5,6,5,3,5,3,5,3,4,3,5,5,2,2
